[
    {
        "symbol":  "DOGETHER",
        "coin":  "Dogethereum",
        "algo":  "Ethash",
        "rpc":  "dogeth-solo.baikalmine.com",
        "host":  {
                    "ru": "dogeth-solo.baikalmine.com"
                 },
        "port":  [
                     9079
                 ],
        "fee":  0.5,
        "regions":  [
                        "ru"
                    ]
    },
    {
        "symbol":  "DNX",
        "coin":  "Dynexcoin",
        "algo":  "DynexSolve",
        "rpc":  "dnx-solo.baikalmine.com",
        "host":  {
                    "ru": "dnx-solo.baikalmine.com"
                 },
        "mallob":  {
                    "ru": "https://dnx-mallob.baikalmine.com"
                   },
        "port":  [
                     9095
                 ],
        "fee":  0.5,
        "regions":  [
                        "ru"
                    ]
    },
    {
        "symbol":  "ERG",
        "coin":  "Ergo",
        "algo":  "Autolykos2",
        "rpc":  "ergo-solo.baikalmine.com",
        "host":  {
                    "ru": "ergo-solo.baikalmine.com"
                 },
        "port":  [
                     1214
                 ],
        "fee":  0.5,
        "regions":  [
                        "ru"
                    ]
    },
    {
        "symbol":  "ETC",
        "coin":  "Ethereum Classic",
        "algo":  "Ethash",
        "rpc":  "etc-solo.baikalmine.com",
        "host":  {
                    "ru": "etc-solo.baikalmine.com"
                 },
        "port":  [
                     1444
                 ],
        "fee":  0.5,
        "regions":  [
                        "ru"
                    ]
    },
    {
        "symbol":  "HYP",
        "coin":  "Hypro",
        "algo":  "EthashB3",
        "rpc":  "rth-solo.baikalmine.com",
        "host":  {
                    "ru": "rth-solo.baikalmine.com"
                 },
        "port":  [
                     9079
                 ],
        "fee":  0.5,
        "regions":  [
                        "ru"
                    ]
    },
    {
        "symbol":  "KAS",
        "coin":  "Kaspa",
        "algo":  "kHeavyHash",
        "rpc":  "kaspa-solo.baikalmine.com",
        "host":  {
                    "ru": "kaspa-solo.baikalmine.com"
                 },
        "port":  [
                     2535
                 ],
        "fee":  0.5,
        "regions":  [
                        "ru"
                    ]
    },
    {
        "symbol":  "KLS",
        "coin":  "Karlsen",
        "algo":  "KarlsenHash",
        "rpc":  "kls-solo.baikalmine.com",
        "host":  {
                    "ru": "kls-solo.baikalmine.com",
                    "eu": "kls-eu-solo.baikalmine.com"
                 },
        "port":  [
                     2636
                 ],
        "fee":  0.5,
        "regions":  [
                        "eu","ru"
                    ]
    },
    {
        "symbol":  "NYC",
        "coin":  "NewyorkCoin",
        "algo":  "Scrypt",
        "rpc":  "nyc-solo.baikalmine.com",
        "host":  {
                    "ru": "nyc-solo.baikalmine.com"
                 },
        "port":  [
                     8093
                 ],
        "fee":  0.5,
        "regions":  [
                        "ru"
                    ]
    },
    {
        "symbol":  "PYI",
        "coin":  "Pyrin",
        "algo":  "HeavyHashPyron",
        "rpc":  "pyi-solo.baikalmine.com",
        "host":  {
                    "ru": "pyi-solo.baikalmine.com",
                    "eu": "pyi-eu-solo.baikalmine.com"
                 },
        "port":  [
                     2737
                 ],
        "fee":  0.5,
        "regions":  [
                        "eu","ru"
                    ]
    }
]
