[
    {
        "symbol":  "ERG",
        "coin":  "Ergo",
        "algo":  "Autolykos2",
        "rpc":  "ergo-pps.baikalmine.com",
        "host":  {
                    "ru": "ergo-pps.baikalmine.com"
                 },
        "port":  [
                     1516
                 ],
        "fee":  0.75,
        "regions":  [
                        "ru"
                    ]
    },
    {
        "symbol":  "ETC",
        "coin":  "Ethereum Classic",
        "algo":  "Ethash",
        "rpc":  "etc-pps.baikalmine.com",
        "host":  {
                    "ru": "etc-pps.baikalmine.com"
                 },
        "port":  [
                     3030,
                     3031
                 ],
        "fee":  0.75,
        "regions":  [
                        "ru"
                    ]
    }
]
