﻿{
    "Radeon 740M": 30,
    "Radeon 780M": 65,
    "Radeon 880M": 54,
    "Radeon 890M": 54,
    "Radeon E9171": 50,
    "Radeon E9260": 50,
    "Radeon E9550": 95,
    "Radeon PRO Duo": 350,
    "Radeon PRO W7800": 260,
    "Radeon PRO W7900": 295,
    "Radeon R9 200": 250,
    "Radeon R9 270": 150,
    "Radeon R9 270X": 180,
    "Radeon R9 280": 250,
    "Radeon R9 280X": 250,
    "Radeon R9 285": 195,
    "Radeon R9 290": 250,
    "Radeon R9 290X": 250,
    "Radeon R9 295X2": 500,
    "Radeon R9 360": 85,
    "Radeon R9 370": 150,
    "Radeon R9 380": 190,
    "Radeon R9 380X": 190,
    "Radeon R9 390": 275,
    "Radeon R9 390X": 275,
    "Radeon R9 Fury": 275,
    "Radeon R9 Fury X": 275,
    "Radeon R9 Nano": 175,
    "Radeon RX 450": 65,
    "Radeon RX 460": 75,
    "Radeon RX 470": 120,
    "Radeon RX 480": 150,
    "Radeon RX 5300": 100,
    "Radeon RX 5300 XT": 100,
    "Radeon RX 5300M": 85,
    "Radeon RX 550": 50,
    "Radeon RX 5500": 110,
    "Radeon RX 5500 XT": 130,
    "Radeon RX 5500M": 85,
    "Radeon RX 560": 80,
    "Radeon RX 5600": 150,
    "Radeon RX 5600 XT": 150,
    "Radeon RX 5600M": 150,
    "Radeon RX 570": 150,
    "Radeon RX 5700": 180,
    "Radeon RX 5700 XT": 225,
    "Radeon RX 5700M": 180,
    "Radeon RX 580": 185,
    "Radeon RX 590": 225,
    "Radeon RX 6600 XT": 160,
    "Radeon RX 6700 XT": 230,
    "Radeon RX 6800": 250,
    "Radeon RX 6800 XT": 300,
    "Radeon RX 6900 XT": 300,
    "Radeon RX 6950 XT": 335,
    "Radeon RX 7600": 165,
    "Radeon RX 7700 XT": 245,
    "Radeon RX 7800 XT": 263,
    "Radeon RX 7900 GRE": 260,
    "Radeon RX 7900 XT": 300,
    "Radeon RX 7900 XTX": 355,
    "Radeon Vega 56": 210,
    "Radeon Vega 64": 295,
    "Radeon VII": 295
}