{"RDNA4":["gfx120[0123]","RX90[67]0","navi48"],"RDNA3":["gfx110[0123]","RX7[789][059]0","navi3[12]"],"RDNA2":["gfx103[012345]","navi20","RX6\\d00"],"RDNA1":["gfx101[012]","navi10","navi12","navi14","RX5\\d00"],"CDNA3":["gfx940","vanjaram","MI300"],"CDNA2":["gfx90a","aldebaran","MI2[15]0"],"CDNA1":["gfx908","arcturus","MI100"],"GCN51":["gfx90[67c]","cezanne","vega20","renoir","lucienne","MI[56]0"],"GCN50":["gfx90[01234]","vega10","vega12","raven","picasso","bandedkestrel","fenghuang"],"GCN4":["gfx804","baffin","ellesmere","lexa","polaris","polaris20","polaris21","polaris22","polaris23","RX4[678]0","RX5[56789]0","ProV[57]","ProWX[23457]100","XVega","E9[1235]\\d\\d"],"GCN3":["gfx801","gfx802","gfx810","tonga","antigua","fiji","capsaicin","topaz","amethyst","meso","weston","wani","stoney","polaris24"],"GCN2":["gfx70[01234]","beema","bonaire","emerald","grenada","hawaii","kalindi","saturn","spectre","strato","tobago","vesuvius"],"GCN1":["gfx60[01]","banks","capeverde","curacao","exo","hainan","jet","litho","mars","neptune","oland","opal","pitcairn","sun","tahiti","trinidad","tropo","venus"]}
