{"variants":{"80":{"0":"@{0=X-Gene (Potenza); 3=Ampere eMAG}"},"83":{"1":"@{4=Exynos M2}"}},"parts":{"65":{"3328":"Aarch64 Foundation","3329":"Cortex-A32","3330":"Cortex-A34","3331":"Cortex-A53","3332":"Cortex-A35","3333":"Cortex-A55","3334":"Cortex-A65","3335":"Cortex-A57","3336":"Cortex-A72","3337":"Cortex-A73","3338":"Cortex-A75","3339":"Cortex-A76","3340":"Neoverse N1","3341":"Cortex-A77","3342":"Cortex-A76AE","3343":"ARMv8 fast model","3347":"Cortex-R52","3349":"Cortex-R82","3350":"Cortex-R52+","3360":"Cortex-M23","3361":"Cortex-M33","3363":"Cortex-M85","3392":"Neoverse V1","3393":"Cortex-A78","3394":"Cortex-A78AE","3395":"Cortex-A65AE","3396":"Cortex-X1","3398":"Cortex-A510","3399":"Cortex-A710","3400":"Cortex-X2","3401":"Neoverse N2","3402":"Neoverse E1","3403":"Cortex-A78C","3404":"Cortex-X1C","3405":"Cortex-A715","3406":"Cortex-X3","3407":"Neoverse V2","3456":"Cortex-A520","3457":"Cortex-A720","3458":"Cortex-X4","3459":"Neoverse V3AE","3460":"Neoverse V3","3461":"Cortex-X925","3463":"Cortex-A725","3464":"Cortex-A520AE","3465":"Cortex-A720AE","3470":"Neoverse N3","3471":"Cortex-A320","2064":"ARM810","2336":"ARM920","2338":"ARM922","2342":"ARM926","2368":"ARM940","2374":"ARM946","2406":"ARM966","2592":"ARM1020","2594":"ARM1022","2598":"ARM1026","2818":"ARM11 MPCore","2870":"ARM1136","2902":"ARM1156","2934":"ARM1176","3077":"Cortex-A5","3079":"Cortex-A7","3080":"Cortex-A8","3081":"Cortex-A9","3085":"Cortex-A17","3087":"Cortex-A15","3086":"Cortex-A17","3092":"Cortex-R4","3093":"Cortex-R5","3095":"Cortex-R7","3096":"Cortex-R8","3104":"Cortex-M0","3105":"Cortex-M1","3107":"Cortex-M3","3108":"Cortex-M4","3111":"Cortex-M7","3168":"Cortex-M0+","3362":"Cortex-M55","3466":"C1-Nano","3467":"C1-Pro","3468":"C1-Ultra","3472":"C1-Premium"},"66":{"1302":"Vulcan","15":"Brahma-B15","256":"Brahma-B53"},"67":{"160":"Thunder X","161":"Thunder X1 (pass 1.0)","162":"Thunder X1 81xx","163":"Thunder X1 83xx","175":"Thunder X2","176":"Octeon TX2","177":"Octeon TX2 98xx","178":"Octeon TX2 96xx","179":"Octeon TX2 95xx","180":"Octeon TX2 95xxN","181":"Octeon TX2 95xxMM","182":"Octeon TX2 95xxO","184":"Thunder X3 T110"},"68":{"2576":"SA110","2577":"SA1100"},"70":{"1":"A64FX","3":"Monaka"},"72":{"3329":"TSV110","3330":"TSV120","3392":"Cortex-A76","3393":"Cortex-A77"},"73":{},"77":{},"78":{"0":"Denver","3":"Denver 2","4":"Carmel","16":"Olympus"},"80":{"0":"X-Gene"},"81":{"1":"Oryon X1","2048":"Falkor V1","2049":"Kryo 2","2050":"Kryo 3xx Gold","2051":"Kryo 3xx Silver","2052":"Kryo 4xx Gold","2053":"Kryo 4xx Silver","3072":"Falkor V2","3073":"Saphira","15":"Scorpion","45":"Scorpion","77":"Krait","111":"Krait","513":"Kryo","517":"Kryo","529":"Kryo"},"83":{"1":"Exynos M1","2":"Exynos M3","3":"Exynos M4","4":"Exynos M5"},"86":{"305":"Feroceon-88FR131","1409":"PJ4/PJ4b","1412":"PJ4B-MP"},"97":{"0":"A6: Bali: Swift","1":"A7: Alcatraz: Cyclone","2":"A8: Fiji: Typhoon","3":"A8X: Capri: Typhoon","4":"A9: Maui: Twister","5":"A9X: Elba/Malta: Twister","6":"A10: Cayman: Hurricane","7":"A10X: Myst: Hurricane","8":"A11: Skye: Monsoon (P-core)","9":"A11: Skye: Mistral (E-core)","11":"A12: Cyprus: Vortex (P-core)","12":"A12: Cyprus: Tempest (E-core)","15":"M9: Tempest (E-core)","16":"A12X: Aruba: Vortex (P-core)","17":"A12X: Aruba: Tempest (E-core)","18":"A13: Cebu: Lightning (P-core)","19":"A13: Cebu: Thunder (E-core)","32":"A14: Sicily: Icestorm (E-core)","33":"A14: Sicily: Firestorm (P-core)","34":"M1: Tonga: Icestorm (E-core)","35":"M1: Tonga: Firestorm (P-core)","36":"M1 Pro: Jade Chop: Icestorm (E-core)","37":"M1 Pro: Jade Chop: Firestorm (P-core)","38":"M10: Thunder","40":"M1 Max: Jade 1C/2C: Icestorm (E-core)","41":"M1 Max: Jade 1C/2C: Firestorm (P-core)","48":"A15: Ellis: Blizzard (E-core)","49":"A15: Ellis: Avalanche (P-core)","50":"M2: Staten: Blizzard (E-core)","51":"M2: Staten: Avalanche (P-core)","52":"M2 Pro: Rhodes Chop: Blizzard (E-core)","53":"M2 Pro: Rhodes Chop: Avalanche (P-core)","54":"A16: Crete: Sawtooth (E-core)","55":"A16: Crete: Everest (P-core)","56":"M2 Max: Rhodes 1C/2C: Blizzard (E-core)","57":"M2 Max: Rhodes 1C/2C: Avalanche (P-core)","64":"A17: Tupai: Sawtooth (E-core)","65":"A17: Tupai: Everest (P-core)","66":"M3: Ibiza E-core","67":"M3: Ibiza P-core","68":"M3 Pro: Lobos E-core","69":"M3 Pro: Lobos P-core","70":"M11: Sawtooth (E-core)","72":"M3 Max: Palma E-core","73":"M3 Max: Palma P-core","80":"A17 Pro: Coll E-core","81":"A17 Pro: Coll P-core","82":"M4: Donan E-core","83":"M4: Donan P-core"},"99":{"306":"Star-MC1","3364":"Cortex-M52"},"102":{"1318":"FA526","1574":"FA626"},"104":{"0":"Phecda"},"105":{"512":"i80200","528":"PXA250A","530":"PXA210A","578":"i80321-400","579":"i80321-600","656":"PXA250B/PXA26x","658":"PXA210B","706":"i80321-400-B0","707":"i80321-600-B0","720":"PXA250C/PXA255/PXA26x","722":"PXA210C","1041":"PXA27x","1052":"IPX425-533","1053":"IPX425-400","1055":"IPX425-266","1666":"PXA32x","1667":"PXA930/PXA935","1672":"PXA30x","1673":"PXA31x","2833":"SA1110","3090":"IPX1200"},"109":{"3401":"Azure Cobalt 100"},"112":{"771":"FTC310","1632":"FTC660","1633":"FTC661","1634":"FTC662","1635":"FTC663","1636":"FTC664","2146":"FTC862"},"192":{"2755":"Ampere 1","2756":"Ampere 1a","2757":"Ampere 1b"}},"implementers":{"65":"ARM","66":"Broadcom","67":"Cavium","68":"DEC","70":"Fujitsu","72":"HiSilicon","73":"Infineon","77":"Motorola/Freescale","78":"NVIDIA","80":"APM","81":"Qualcomm","83":"Samsung","86":"Marvell","97":"Apple","99":"ARM China","102":"Faraday","104":"Huaxintong","105":"Intel","109":"Microsoft","112":"Phytium","192":"Ampere"}}
