{"0DYNC":{"Algo":"Argon2d1000","Name":"0 Dyncash","Symbol":"0DYNC"},"405":{"Algo":"Take2","Name":"405Coin","Symbol":"405"},"ABEL":{"Algo":"Abelian","Name":"Abelian","Symbol":"ABEL"},"ABS":{"Algo":"Lyra2RE2","Name":"Absolute","Symbol":"ABS"},"ABY":{"Algo":"Scrypt","Name":"Artbyte","Symbol":"ABY"},"ACG":{"Algo":"SHA256d","Name":"Aurum","Symbol":"ACG"},"ACM":{"Algo":"Lyra2z","Name":"Actinium","Symbol":"ACM"},"ACP-MyriadGroestl":{"Algo":"MyriadGroestl","Name":"Anarchistsprime","Symbol":"ACP","Multi":true},"ACP-SHA256d":{"Algo":"SHA256d","Name":"Anarchistsprime","Symbol":"ACP","Multi":true},"ADOT":{"Algo":"Argon2d16000","Name":"Alterdot","Symbol":"ADOT"},"ADVC":{"Algo":"YespowerADVC","Name":"Adventure","Symbol":"ADVC"},"ADZ":{"Algo":"X11","Name":"Adzcoin","Symbol":"ADZ"},"AE":{"Algo":"CuckooCycle","Name":"Aeternity","Symbol":"AE"},"AEGS":{"Algo":"Scrypt","Name":"Aegisum","Symbol":"AEGS"},"AEON":{"Algo":"Kangaroo12","Name":"Aeon","Symbol":"AEON"},"AEX":{"Algo":"AeriumX","Name":"Aeriumx","Symbol":"AEX"},"AGM":{"Algo":"PHI2","Name":"Argoneum","Symbol":"AGM"},"AIDP":{"Algo":"KawPOW","Name":"AidpCoin","Symbol":"AIDP"},"AIO":{"Algo":"CryptoNightTurtle","Name":"Avrio","Symbol":"AIO"},"AION":{"Algo":"Equihash21x9","Name":"Aion","Symbol":"AION"},"AIPG":{"Algo":"KawPOW","Name":"Aipowergrid","Symbol":"AIPG"},"AITT":{"Algo":"KawPOW","Name":"AittCoin","Symbol":"AITT"},"AIX":{"Algo":"AstrixHash","Name":"AstrixCoin","Symbol":"AIX"},"AKA":{"Algo":"Ethash","Name":"Akroma","Symbol":"AKA"},"ALEO":{"Algo":"zkSNARK","Name":"Aleo","Symbol":"ALEO"},"ALEX":{"Algo":"SHA256d","Name":"Alexandrite","Symbol":"ALEX"},"ALPH":{"Algo":"Blake3Alephium","Name":"Alephium","Symbol":"ALPH"},"ALPHA":{"Algo":"RandomALPHA","Name":"Unicity Coin","Symbol":"ALPHA"},"ALTEX":{"Algo":"X11","Name":"Altex","Symbol":"ALTEX"},"ANDS":{"Algo":"X16r","Name":"Anodos","Symbol":"ANDS"},"ANI":{"Algo":"Anime","Name":"Anime","Symbol":"ANI"},"ANON":{"Algo":"Equihash24x7","Name":"ANONymous","Symbol":"ANON"},"ANTD":{"Algo":"RandomX","Name":"Antd","Symbol":"ANTD"},"APEPEPOW":{"Algo":"Memehashapepeppow","Name":"APepePow","Symbol":"APEPEPOW"},"APPLE":{"Algo":"Lyra2A40","Name":"AppleCoin","Symbol":"APPLE"},"ARC":{"Algo":"X11","Name":"Arcticcoin","Symbol":"ARC"},"ARG-Argon2d4096":{"Algo":"Argon2d4096","Name":"Argentum","Symbol":"ARG","Multi":true},"ARG-Lyra2RE2":{"Algo":"Lyra2RE2","Name":"Argentum","Symbol":"ARG","Multi":true},"ARG-MyriadGroestl":{"Algo":"MyriadGroestl","Name":"Argentum","Symbol":"ARG","Multi":true},"ARG-Scrypt":{"Algo":"Scrypt","Name":"Argentum","Symbol":"ARG","Multi":true},"ARG-SHA256d":{"Algo":"SHA256d","Name":"Argentum","Symbol":"ARG","Multi":true},"ARG-Yescrypt":{"Algo":"Yescrypt","Name":"Argentum","Symbol":"ARG","Multi":true},"ARION":{"Algo":"X11","Name":"Arion","Symbol":"ARION"},"ARQ":{"Algo":"RandomArq","Name":"Arqma","Symbol":"ARQ"},"ARRR":{"Algo":"Equihash","Name":"Piratechain","Symbol":"ARRR"},"ARW":{"Algo":"Equihash24x7","Name":"ARW","Symbol":"ARW"},"ARWN":{"Algo":"YespowerARWN","Name":"Arowanacoin","Symbol":"ARWN"},"ATH":{"Algo":"Ethash","Name":"Atheios","Symbol":"ATH"},"ATOM":{"Algo":"EquihashR25x5x3","Name":"Atomis","Symbol":"ATOM"},"ATOMI":{"Algo":"EquihashR25x5x3","Name":"Atomi","Symbol":"ATOMI"},"AURA":{"Algo":"Ethash","Name":"Aura","Symbol":"AURA"},"AUR-MyriadGroestl":{"Algo":"MyriadGroestl","Name":"Aurora","Symbol":"AUR","Multi":true},"AUR-Qubit":{"Algo":"Qubit","Name":"Aurora","Symbol":"AUR","Multi":true},"AUR-Scrypt":{"Algo":"Scrypt","Name":"Aurora","Symbol":"AUR","Multi":true},"AUR-SHA256d":{"Algo":"SHA256d","Name":"Aurora","Symbol":"AUR","Multi":true},"AUR-Skein":{"Algo":"Skein","Name":"Aurora","Symbol":"AUR","Multi":true},"AUS":{"Algo":"Scrypt","Name":"Australiacash","Symbol":"AUS"},"AVN":{"Algo":"X16rt","Name":"Avian","Symbol":"AVN","Multi":true},"AVN-MinotaurX":{"Algo":"MinotaurX","Name":"Avian","Symbol":"AVN","Multi":true},"AVN-X16rt":{"Algo":"X16rt","Name":"Avian","Symbol":"AVN","Multi":true},"AVS":{"Algo":"Ethash","Name":"Aves","Symbol":"AVS"},"AXE":{"Algo":"X11","Name":"Axe","Symbol":"AXE"},"AYA":{"Algo":"Scrypt","Name":"Aryacoin","Symbol":"AYA"},"AZART":{"Algo":"X17","Name":"Azart","Symbol":"AZART"},"B1T":{"Algo":"Scrypt","Name":"Bit","Symbol":"B1T"},"B2G":{"Algo":"Ethash","Name":"Bitcoiin2gen","Symbol":"B2G"},"BBC":{"Algo":"Take2","Name":"BBC Coin","Symbol":"BBC"},"BBR":{"Algo":"Wildkeccak","Name":"Boolberry","Symbol":"BBR"},"BBS":{"Algo":"CryptoNightLiteV7","Name":"BBSCoin","Symbol":"BBS"},"BC2":{"Algo":"SHA256d","Name":"BitCoin II","Symbol":"BC2"},"BCA":{"Algo":"SHA256d","Name":"Atom","Symbol":"BCA"},"BCD":{"Algo":"Bcd","Name":"Bitdiamond","Symbol":"BCD"},"BCH":{"Algo":"SHA256d","Name":"Bitcoincash","Symbol":"BCH"},"BCHA":{"Algo":"SHA256d","Name":"e.Cash","Symbol":"BCHA"},"BCHABC":{"Algo":"SHA256d","Name":"e.Cash","Symbol":"BCHABC"},"BCHC":{"Algo":"Blake2b","Name":"BitcoinClashic","Symbol":"BCHC"},"BCHSV":{"Algo":"SHA256d","Name":"BitcoinCash SV","Symbol":"BCHSV"},"BCI":{"Algo":"ProgPoW","Name":"Bitcoininterest","Symbol":"BCI"},"BCN":{"Algo":"CryptoNight","Name":"ByteCoin","Symbol":"BCN"},"BCRS":{"Algo":"Argon2d250","Name":"BitCreds","Symbol":"BCRS"},"BCX":{"Algo":"SHA256csm","Name":"BitcoinFlex","Symbol":"BCX"},"BEAM":{"Algo":"BeamHash3","Name":"Beam","Symbol":"BEAM"},"BEL":{"Algo":"Scrypt","Name":"BELcoin","Symbol":"BEL"},"BELL":{"Algo":"Yespower","Name":"bellcoin","Symbol":"BELL"},"BET":{"Algo":"SHA256d","Name":"Betacoin","Symbol":"BET"},"BFC":{"Algo":"Cuckaroo29bfc","Name":"Bitfree Cash","Symbol":"BFC"},"BGA":{"Algo":"kHeavyHash","Name":"Bugna","Symbol":"BGA"},"BGCO":{"Algo":"SHA256d","Name":"Blackgold","Symbol":"BGCO"},"BGG":{"Algo":"Ethash","Name":"BitGoGet","Symbol":"BGG"},"BHD":{"Algo":"C11","Name":"Bithold","Symbol":"BHD"},"BIN":{"Algo":"Binarium","Name":"Binarium","Symbol":"BIN"},"BITC":{"Algo":"X25x","Name":"Bitcash","Symbol":"BITC"},"BKC":{"Algo":"SHA256d","Name":"BriskCoin","Symbol":"BKC"},"BLACK":{"Algo":"Ethash","Name":"Blackchain","Symbol":"BLACK"},"BLAS":{"Algo":"X22","Name":"Blakestar2","Symbol":"BLAS"},"BLAST":{"Algo":"SHA256d","Name":"Blast","Symbol":"BLAST"},"BLOC":{"Algo":"CryptoNightHeavyXhv","Name":"Bloc","Symbol":"BLOC"},"BLOCX":{"Algo":"BlocxAutolykos2","Name":"Blocx","Symbol":"BLOCX"},"BMB":{"Algo":"Pufferfish2","Name":"Bamboo","Symbol":"BMB"},"BNODE":{"Algo":"Honeycomb","Name":"Beenode","Symbol":"BNODE"},"BOLI":{"Algo":"X11","Name":"Bolivar","Symbol":"BOLI"},"BONC":{"Algo":"Scrypt","Name":"BonkCoin","Symbol":"BONC"},"BQC":{"Algo":"Scrypt","Name":"BBQ","Symbol":"BQC"},"BRAZ":{"Algo":"HMQ1725","Name":"Brazio","Symbol":"BRAZ"},"BRC":{"Algo":"Scrypt","Name":"BeersCoin","Symbol":"BRC"},"BRICS":{"Algo":"kHeavyHash","Name":"Brics","Symbol":"BRICS"},"BSD":{"Algo":"Xevan","Name":"Bitsend","Symbol":"BSD"},"BSF":{"Algo":"SHA256csm","Name":"BitcoinSF","Symbol":"BSF"},"BSHA3":{"Algo":"SHA3d","Name":"Bsha3","Symbol":"BSHA3"},"BST":{"Algo":"Blockstamp","Name":"Blockstamp","Symbol":"BST"},"BSTY":{"Algo":"Yescrypt","Name":"Globalboost","Symbol":"BSTY"},"BSV":{"Algo":"SHA256d","Name":"Bitcoin SV","Symbol":"BSV"},"BTA":{"Algo":"Scrypt","Name":"Bata","Symbol":"BTA"},"BTB":{"Algo":"Scrypt","Name":"Bitbar","Symbol":"BTB"},"BTC":{"Algo":"SHA256d","Name":"Bitcoin","Symbol":"BTC"},"BTCHP":{"Algo":"SHA256d","Name":"Betchip","Symbol":"BTCHP"},"BTCP":{"Algo":"Equihash24x7","Name":"BitcoinPrivate","Symbol":"BTCP"},"BTCS":{"Algo":"SHA256d","Name":"Bitsilver","Symbol":"BTCS"},"BTCZ":{"Algo":"Equihash24x5","Name":"Bitcoinz","Symbol":"BTCZ"},"BTE":{"Algo":"YescryptR16","Name":"Bitweb","Symbol":"BTE"},"BTFC":{"Algo":"X11","Name":"Butterfly","Symbol":"BTFC"},"BTG":{"Algo":"Equihash24x5","Name":"Bitcoingold","Symbol":"BTG"},"BTH":{"Algo":"Equihash24x5","Name":"Bithereum","Symbol":"BTH"},"BTM":{"Algo":"Tensority","Name":"BTM","Symbol":"BTM"},"BTN":{"Algo":"Ethash","Name":"Bitnetmoney","Symbol":"BTN"},"BTRM":{"Algo":"Take2","Name":"Bitoreum","Symbol":"BTRM"},"BTX":{"Algo":"MegaBTX","Name":"Bitcore","Symbol":"BTX"},"BUCK":{"Algo":"Equihash","Name":"Buck","Symbol":"BUCK"},"BUEN":{"Algo":"HMQ1725","Name":"Buenos","Symbol":"BUEN"},"BUTK-Lyra2z330":{"Algo":"Lyra2z330","Name":"Butcoin","Symbol":"BUTK","Multi":true},"BUTK-SHA256d":{"Algo":"SHA256d","Name":"Butcoin","Symbol":"BUTK","Multi":true},"BUTK-Take2":{"Algo":"Take2","Name":"Butcoin","Symbol":"BUTK","Multi":true},"BUTK-Yespower":{"Algo":"Yespower","Name":"Butcoin","Symbol":"BUTK","Multi":true},"BXT":{"Algo":"SHA256d","Name":"Bittoken","Symbol":"BXT"},"BZE":{"Algo":"Equihash24x5","Name":"Bzedge","Symbol":"BZE"},"BZL":{"Algo":"Tribus","Name":"Bzlcoin","Symbol":"BZL"},"BZX":{"Algo":"Lyra2z","Name":"Bitcoin Zero","Symbol":"BZX"},"CANN":{"Algo":"X11","Name":"Cannabiscoin","Symbol":"CANN"},"CAS-MinotaurX":{"Algo":"MinotaurX","Name":"Cas","Symbol":"CAS","Multi":true},"CAS-SHA256d":{"Algo":"SHA256d","Name":"Cas","Symbol":"CAS","Multi":true},"CAT":{"Algo":"Scrypt","Name":"CatalansCoin","Symbol":"CAT"},"CAU":{"Algo":"Ethash","Name":"Canxium","Symbol":"CAU"},"CBE":{"Algo":"PHI5","Name":"Combode","Symbol":"CBE"},"CBS":{"Algo":"NeoScrypt","Name":"Cerberus","Symbol":"CBS"},"CCX":{"Algo":"CryptoNightGPU","Name":"Conceal","Symbol":"CCX"},"CDY":{"Algo":"Equihash24x5","Name":"BitcoinCandy","Symbol":"CDY"},"CFX":{"Algo":"Octopus","Name":"Conflux","Symbol":"CFX"},"CHAPA":{"Algo":"SHA256ton","Name":"ChipiCoin","Symbol":"CHAPA"},"CHC":{"Algo":"C11","Name":"Chaincoin","Symbol":"CHC"},"CHI":{"Algo":"NeoScryptXaya","Name":"Xaya","Symbol":"CHI","Multi":true},"CHI-NeoScryptXaya":{"Algo":"NeoScryptXaya","Name":"Xaya","Symbol":"CHI","Multi":true},"CHI-SHA256d":{"Algo":"SHA256d","Name":"Xaya","Symbol":"CHI","Multi":true},"CHN":{"Algo":"ProgPoWZ","Name":"Chinet","Symbol":"CHN"},"CHOX":{"Algo":"0x10","Name":"chainOX","Symbol":"CHOX"},"CHTA":{"Algo":"SHA256d","Name":"CheetahCoin","Symbol":"CHTA"},"CICO":{"Algo":"RandomXL","Name":"Coinicles","Symbol":"CICO"},"CIRC":{"Algo":"CircCash","Name":"CircCash","Symbol":"CIRC"},"CKB":{"Algo":"Eaglesong","Name":"CKB","Symbol":"CKB"},"CKBTEST":{"Algo":"Eaglesong","Name":"CKB Testnet","Symbol":"CKBTEST"},"CLC":{"Algo":"CLCHash","Name":"CLC","Symbol":"CLC"},"CLO":{"Algo":"Ethash","Name":"Callisto","Symbol":"CLO"},"CLORE":{"Algo":"KawPOW","Name":"Clore","Symbol":"CLORE"},"CMM":{"Algo":"Equihash","Name":"Commercium","Symbol":"CMM"},"CMS":{"Algo":"KawPOW","Name":"Cmusicai","Symbol":"CMS"},"CNOTE":{"Algo":"Quark","Name":"C-Note","Symbol":"CNOTE"},"CNS":{"Algo":"Ethash","Name":"Cygnus","Symbol":"CNS"},"COSA":{"Algo":"Cosa","Name":"Cosanta","Symbol":"COSA"},"CPAY":{"Algo":"CryptixOX8","Name":"Cryptix","Symbol":"CPAY"},"CPU":{"Algo":"CpuPower","Name":"Cpuchain","Symbol":"CPU"},"CRC":{"Algo":"Scrypt","Name":"Craft","Symbol":"CRC"},"CRDS":{"Algo":"Argon2d250","Name":"Credits","Symbol":"CRDS"},"CRM":{"Algo":"Skein","Name":"CREAM","Symbol":"CRM"},"CRNC":{"Algo":"YespowerLTNCG","Name":"Crionic","Symbol":"CRNC"},"CRP":{"Algo":"Yespower","Name":"Cranepay","Symbol":"CRP"},"CRS":{"Algo":"Lyra2z","Name":"Criptoreal","Symbol":"CRS"},"CSM":{"Algo":"SHA256csm","Name":"Consortium","Symbol":"CSM"},"CSS":{"Algo":"kHeavyHash","Name":"Consensuscoin","Symbol":"CSS"},"CTXC":{"Algo":"Cuckaroo30","Name":"Cortex","Symbol":"CTXC"},"CURVE":{"Algo":"CurveHash","Name":"CurvehashCoin","Symbol":"CURVE"},"CXC":{"Algo":"X16r","Name":"Cryptroxcoin","Symbol":"CXC"},"CXT":{"Algo":"Nist5","Name":"Coinonat","Symbol":"CXT"},"CYTX":{"Algo":"CryptixHash","Name":"CryptixCoin","Symbol":"CYTX"},"D":{"Algo":"Tribus","Name":"Denarius","Symbol":"D"},"DAE":{"Algo":"Ethash","Name":"DAEfrom","Symbol":"DAE"},"DASH":{"Algo":"X11","Name":"Dash","Symbol":"DASH"},"DBIX":{"Algo":"Ethash","Name":"Dubaicoin","Symbol":"DBIX"},"DCR":{"Algo":"Blake3Decred","Name":"Decred","Symbol":"DCR"},"DCY":{"Algo":"RandomX","Name":"DinastyCoin","Symbol":"DCY"},"DEFIS":{"Algo":"EquihashR25x5","Name":"Defis","Symbol":"DEFIS"},"DEFT":{"Algo":"Balloon","Name":"Deft","Symbol":"DEFT"},"DEM":{"Algo":"SHA256d","Name":"Emark","Symbol":"DEM"},"DERO":{"Algo":"AstroBWTv3","Name":"Dero","Symbol":"DERO"},"DEV":{"Algo":"Scrypt","Name":"Dogeev","Symbol":"DEV"},"DGBODO":{"Algo":"Odocrypt","Name":"Digibyte","Symbol":"DGBODO"},"DGB-Odocrypt":{"Algo":"Odocrypt","Name":"Digibyte","Symbol":"DGB","Multi":true},"DGB-Qubit":{"Algo":"Qubit","Name":"Digibyte","Symbol":"DGB","Multi":true},"DGB-Scrypt":{"Algo":"Scrypt","Name":"Digibyte","Symbol":"DGB","Multi":true},"DGB-SHA":{"Algo":"SHA256d","Name":"Digibyte","Symbol":"DGB","Multi":true},"DGB-SHA256d":{"Algo":"SHA256d","Name":"Digibyte","Symbol":"DGB","Multi":true},"DGB-Skein":{"Algo":"Skein","Name":"Digibyte","Symbol":"DGB","Multi":true},"DGC-Scrypt":{"Algo":"Scrypt","Name":"Digitalcoin","Symbol":"DGC","Multi":true},"DGC-SHA256d":{"Algo":"SHA256d","Name":"Digitalcoin","Symbol":"DGC","Multi":true},"DGC-X11":{"Algo":"X11","Name":"Digitalcoin","Symbol":"DGC","Multi":true},"DIAC":{"Algo":"X11","Name":"Diabase","Symbol":"DIAC"},"DIME":{"Algo":"Quark","Name":"Dimecoin","Symbol":"DIME"},"DIN":{"Algo":"NeoScrypt","Name":"Dinero","Symbol":"DIN"},"DINGO":{"Algo":"Scrypt","Name":"Dingo","Symbol":"DINGO"},"DIS":{"Algo":"Ethash","Name":"Dis","Symbol":"DIS"},"DME":{"Algo":"YespowerDogemone","Name":"Dogemone","Symbol":"DME"},"DMG":{"Algo":"kHeavyHash","Name":"DmgCoin","Symbol":"DMG"},"DMS":{"Algo":"YescryptR32","Name":"Documentchain","Symbol":"DMS"},"DNGR":{"Algo":"Lyra2z","Name":"Dangercoin","Symbol":"DNGR"},"DNX":{"Algo":"DynexSolve","Name":"Dynexcoin","Symbol":"DNX"},"DOGE":{"Algo":"Scrypt","Name":"Dogecoin","Symbol":"DOGE"},"DOGETHER":{"Algo":"Ethash","Name":"Dogethereum","Symbol":"DOGETHER"},"DOGM":{"Algo":"Scrypt","Name":"Dogm","Symbol":"DOGM"},"DOGPU":{"Algo":"KawPOW","Name":"Dogegpu","Symbol":"DOGPU"},"DOGX":{"Algo":"Ethash","Name":"Dogethereum","Symbol":"DOGX"},"DSR":{"Algo":"NeoScrypt","Name":"Desire","Symbol":"DSR"},"DSTX":{"Algo":"Ethash","Name":"Distrix","Symbol":"DSTX"},"DTOR":{"Algo":"CryptoNightV7","Name":"Dtor","Symbol":"DTOR"},"DTRX":{"Algo":"Blake2s","Name":"Datromax","Symbol":"DTRX"},"DUBX":{"Algo":"Ethash","Name":"DubxCoin","Symbol":"DUBX"},"DUO-Scrypt":{"Algo":"Scrypt","Name":"ParallelCoin","Symbol":"DUO","Multi":true},"DUO-SHA256d":{"Algo":"SHA256d","Name":"ParallelCoin","Symbol":"DUO","Multi":true},"DVS":{"Algo":"Lyra2RE2","Name":"Davies","Symbol":"DVS"},"DVT":{"Algo":"SHA256d","Name":"Devault","Symbol":"DVT"},"DYN":{"Algo":"Argon2dDyn","Name":"Dynamic","Symbol":"DYN"},"DYNAMO":{"Algo":"Dynamo","Name":"Dynamo","Symbol":"DYNAMO"},"EAC":{"Algo":"Scrypt","Name":"Earth","Symbol":"EAC"},"EFL":{"Algo":"Scrypt","Name":"Egulden","Symbol":"EFL"},"EGAZ":{"Algo":"EtcHash","Name":"Etica","Symbol":"EGAZ"},"EGEM":{"Algo":"Ethash","Name":"EtherGem","Symbol":"EGEM"},"ELI":{"Algo":"YescryptR16","Name":"Eli","Symbol":"ELI"},"ELLA":{"Algo":"Ethash","Name":"Ellaism","Symbol":"ELLA"},"EMC":{"Algo":"SHA256d","Name":"Emer","Symbol":"EMC"},"EMC2":{"Algo":"Scrypt","Name":"Einsteinium","Symbol":"EMC2"},"ENCO":{"Algo":"Lyra2z","Name":"Block Masters Stealth","Symbol":"ENCO"},"EPIC-Cuckatoo31":{"Algo":"Cuckatoo31","Name":"EpicCash","Symbol":"EPIC","Multi":true},"EPIC-Cuckoo":{"Algo":"Cuckatoo31","Name":"EpicCash","Symbol":"EPIC","Multi":true},"EPIC-ProgPoW":{"Algo":"ProgPowEpic","Name":"EpicCash","Symbol":"EPIC","Multi":true},"EPIC-ProgPoWEpic":{"Algo":"ProgPowEpic","Name":"EpicCash","Symbol":"EPIC","Multi":true},"EPIC-RandomEPIC":{"Algo":"RandomEPIC","Name":"EpicCash","Symbol":"EPIC","Multi":true},"EPIC-RandomX":{"Algo":"RandomEPIC","Name":"EpicCash","Symbol":"EPIC","Multi":true},"EQPAY":{"Algo":"YespowerEQPAY","Name":"Equitypay","Symbol":"EQPAY"},"EQT":{"Algo":"X11","Name":"Equitrade","Symbol":"EQT"},"ERC":{"Algo":"Hodl","Name":"EuropeCoin","Symbol":"ERC"},"ERE":{"Algo":"ProgPoWEthercore","Name":"Ethercore","Symbol":"ERE"},"ERG":{"Algo":"Autolykos2","Name":"Ergo","Symbol":"ERG"},"ESN":{"Algo":"Ethash","Name":"EtherSocial","Symbol":"ESN"},"ESP":{"Algo":"HMQ1725","Name":"Espers","Symbol":"ESP"},"ETC":{"Algo":"EtcHash","Name":"EtherClassic","Symbol":"ETC"},"ETCC":{"Algo":"Ethash","Name":"EtherCC","Symbol":"ETCC"},"ETF":{"Algo":"Ethash","Name":"EthereumFair","Symbol":"ETF"},"ETH":{"Algo":"Ethash","Name":"Ethereum","Symbol":"ETH"},"ETHF":{"Algo":"Ethash","Name":"EthereumFair","Symbol":"ETHF"},"ETHO":{"Algo":"Ethash","Name":"EthoProtocol","Symbol":"ETHO"},"ETHONE":{"Algo":"Ethash","Name":"Etherone","Symbol":"ETHONE"},"ETHW":{"Algo":"Ethash","Name":"EthereumPoW","Symbol":"ETHW"},"ETI":{"Algo":"SHA3Solidity","Name":"Etica","Symbol":"ETI"},"ETN":{"Algo":"CryptoNight","Name":"Electroneum","Symbol":"ETN"},"ETNT":{"Algo":"Ethash","Name":"EtntPow","Symbol":"ETNT"},"ETP":{"Algo":"Ethash","Name":"Metaverse","Symbol":"ETP"},"ETX":{"Algo":"Ethash","Name":"Etherchain","Symbol":"ETX"},"ETZ":{"Algo":"Ethash","Name":"EtherZero","Symbol":"ETZ"},"EUNO":{"Algo":"X11","Name":"Euno","Symbol":"EUNO"},"EVO":{"Algo":"Randomevo","Name":"Coinevo","Symbol":"EVO"},"EVOAI":{"Algo":"Evohash","Name":"EvolveAi","Symbol":"EVOAI"},"EVOX":{"Algo":"RandomArq","Name":"Evolution","Symbol":"EVOX"},"EVR":{"Algo":"EvrProgPow","Name":"Evermore Coin","Symbol":"EVR"},"EXO":{"Algo":"X16r","Name":"Exosis","Symbol":"EXO"},"EXP":{"Algo":"Ethash","Name":"Expanse","Symbol":"EXP"},"FB":{"Algo":"SHA256d","Name":"FractalBitcoin","Symbol":"FB"},"FBIT":{"Algo":"Take2","Name":"Fewbit","Symbol":"FBIT"},"FBX":{"Algo":"Scrypt","Name":"Fairbrix","Symbol":"FBX"},"FCH":{"Algo":"SHA256d","Name":"Freecash","Symbol":"FCH"},"FIRO":{"Algo":"FiroPoW","Name":"Firo","Symbol":"FIRO"},"FIURY":{"Algo":"Scrypt","Name":"Fiury","Symbol":"FIURY"},"FJC":{"Algo":"ScryptN11","Name":"Fujicoin","Symbol":"FJC"},"FLM":{"Algo":"PHI","Name":"Folm","Symbol":"FLM"},"FLO":{"Algo":"Scrypt","Name":"Florincoin","Symbol":"FLO"},"FLOP":{"Algo":"Scrypt","Name":"Flop","Symbol":"FLOP"},"FLR":{"Algo":"Ethash","Name":"Flora","Symbol":"FLR"},"FLUX":{"Algo":"Fluxpos","Name":"Flux","Symbol":"FLUX"},"FNNC":{"Algo":"YescryptR16","Name":"Fennec","Symbol":"FNNC"},"FOXD":{"Algo":"X16rv2","Name":"FoxDcoin","Symbol":"FOXD"},"FREN":{"Algo":"KawPOW","Name":"Fren","Symbol":"FREN"},"FROG":{"Algo":"BMW512","Name":"Frog","Symbol":"FROG"},"FSC":{"Algo":"Take2","Name":"Fsociety","Symbol":"FSC"},"FTB":{"Algo":"Mike","Name":"Fortuneblock","Symbol":"FTB"},"FTC":{"Algo":"NeoScrypt","Name":"Feathercoin","Symbol":"FTC"},"FTO":{"Algo":"X11","Name":"Futuro","Symbol":"FTO"},"FTS":{"Algo":"CryptoNightTurtle","Name":"FTSCoin","Symbol":"FTS"},"FUEC":{"Algo":"Take2","Name":"FuerteCoin","Symbol":"FUEC"},"FUNZ":{"Algo":"Ethash","Name":"Funz","Symbol":"FUNZ"},"FXC":{"Algo":"Nist5","Name":"Fexchange","Symbol":"FXC"},"FXTC-Lyra2z":{"Algo":"Lyra2z","Name":"Fxtc Coin","Symbol":"FXTC","Multi":true},"FXTC-Scrypt":{"Algo":"Scrypt","Name":"Fxtc Coin","Symbol":"FXTC","Multi":true},"FXTC-SHA256d":{"Algo":"SHA256d","Name":"Fxtc Coin","Symbol":"FXTC","Multi":true},"FXTC-X11":{"Algo":"X11","Name":"Fxtc Coin","Symbol":"FXTC","Multi":true},"FXTC-X16R":{"Algo":"X16r","Name":"Fxtc Coin","Symbol":"FXTC","Multi":true},"GALE":{"Algo":"SHA256csm","Name":"Galleon","Symbol":"GALE"},"GAME":{"Algo":"Scrypt","Name":"Gamecredits","Symbol":"GAME"},"GAP":{"Algo":"GapSearch","Name":"GapCoin","Symbol":"GAP"},"GBPS":{"Algo":"PHI","Name":"BritishPoundCoin","Symbol":"GBPS"},"GBX":{"Algo":"NeoScrypt","Name":"Gobyte","Symbol":"GBX"},"GEERT":{"Algo":"Scrypt","Name":"Geertcoin","Symbol":"GEERT"},"GEMMA":{"Algo":"KawPOW","Name":"Gemma","Symbol":"GEMMA"},"GEN":{"Algo":"Ethash","Name":"Genom","Symbol":"GEN"},"GENIX":{"Algo":"X16r","Name":"Genix","Symbol":"GENIX"},"GENX":{"Algo":"Equihash24x7","Name":"Genesis","Symbol":"GENX"},"GEX":{"Algo":"PHI2","Name":"Gexan","Symbol":"GEX"},"GIN":{"Algo":"X16rt","Name":"Gin","Symbol":"GIN"},"GIO":{"Algo":"Scrypt","Name":"Graviocoin","Symbol":"GIO"},"GLC":{"Algo":"Scrypt","Name":"Goldcoin","Symbol":"GLC"},"GLD":{"Algo":"Scrypt","Name":"Goldcoin","Symbol":"GLD"},"GLEEC":{"Algo":"SHA256d","Name":"GleecBTC","Symbol":"GLEEC"},"GLINK":{"Algo":"Equihash24x5","Name":"Gemlink","Symbol":"GLINK"},"GLT-Allium":{"Algo":"Allium","Name":"Globaltoken","Symbol":"GLT","Multi":true},"GLT-ArcticHash":{"Algo":"ArcticHash","Name":"Globaltoken","Symbol":"GLT","Multi":true},"GLT-Bitcore":{"Algo":"Bitcore","Name":"Globaltoken","Symbol":"GLT","Multi":true},"GLT-Blake2b":{"Algo":"Blake2b","Name":"Globaltoken","Symbol":"GLT","Multi":true},"GLT-Blake2s":{"Algo":"Blake2s","Name":"Globaltoken","Symbol":"GLT","Multi":true},"GLT-C11":{"Algo":"C11","Name":"Globaltoken","Symbol":"GLT","Multi":true},"GLT-Dedal":{"Algo":"Dedal","Name":"Globaltoken","Symbol":"GLT","Multi":true},"GLT-Equihash16x5":{"Algo":"Equihash16x5","Name":"Globaltoken","Symbol":"GLT","Multi":true},"GLT-GLTAstralHash":{"Algo":"GLTAstralHash","Name":"Globaltoken","Symbol":"GLT","Multi":true},"GLT-GLTJeongHash":{"Algo":"GLTJeongHash","Name":"Globaltoken","Symbol":"GLT","Multi":true},"GLT-GLTPadiHash":{"Algo":"GLTPadiHash","Name":"Globaltoken","Symbol":"GLT","Multi":true},"GLT-GLTPawelHash":{"Algo":"GLTPawelHash","Name":"Globaltoken","Symbol":"GLT","Multi":true},"GLT-HMQ1725":{"Algo":"HMQ1725","Name":"Globaltoken","Symbol":"GLT","Multi":true},"GLT-Honeycomb":{"Algo":"Honeycomb","Name":"Globaltoken","Symbol":"GLT","Multi":true},"GLT-KeccakC":{"Algo":"KeccakC","Name":"Globaltoken","Symbol":"GLT","Multi":true},"GLT-Lyra2RE2":{"Algo":"Lyra2RE2","Name":"Globaltoken","Symbol":"GLT","Multi":true},"GLT-Lyra2RE3":{"Algo":"Lyra2RE3","Name":"Globaltoken","Symbol":"GLT","Multi":true},"GLT-Lyra2z":{"Algo":"Lyra2z","Name":"Globaltoken","Symbol":"GLT","Multi":true},"GLT-MyriadGroestl":{"Algo":"MyriadGroestl","Name":"Globaltoken","Symbol":"GLT","Multi":true},"GLT-NeoScrypt":{"Algo":"NeoScrypt","Name":"Globaltoken","Symbol":"GLT","Multi":true},"GLT-Nist5":{"Algo":"Nist5","Name":"Globaltoken","Symbol":"GLT","Multi":true},"GLT-PHI":{"Algo":"PHI","Name":"Globaltoken","Symbol":"GLT","Multi":true},"GLT-PHI2":{"Algo":"PHI2","Name":"Globaltoken","Symbol":"GLT","Multi":true},"GLT-Quark":{"Algo":"Quark","Name":"Globaltoken","Symbol":"GLT","Multi":true},"GLT-Qubit":{"Algo":"Qubit","Name":"Globaltoken","Symbol":"GLT","Multi":true},"GLT-Scrypt":{"Algo":"Scrypt","Name":"Globaltoken","Symbol":"GLT","Multi":true},"GLT-SHA256d":{"Algo":"SHA256d","Name":"Globaltoken","Symbol":"GLT","Multi":true},"GLT-Skein":{"Algo":"Skein","Name":"Globaltoken","Symbol":"GLT","Multi":true},"GLT-Skunk":{"Algo":"Skunk","Name":"Globaltoken","Symbol":"GLT","Multi":true},"GLT-Tribus":{"Algo":"Tribus","Name":"Globaltoken","Symbol":"GLT","Multi":true},"GLT-X11":{"Algo":"X11","Name":"Globaltoken","Symbol":"GLT","Multi":true},"GLT-X12":{"Algo":"X12","Name":"Globaltoken","Symbol":"GLT","Multi":true},"GLT-X13":{"Algo":"X13","Name":"Globaltoken","Symbol":"GLT","Multi":true},"GLT-X14":{"Algo":"X14","Name":"Globaltoken","Symbol":"GLT","Multi":true},"GLT-X15":{"Algo":"X15","Name":"Globaltoken","Symbol":"GLT","Multi":true},"GLT-X16r":{"Algo":"X16r","Name":"Globaltoken","Symbol":"GLT","Multi":true},"GLT-X16rt":{"Algo":"X16rt","Name":"Globaltoken","Symbol":"GLT","Multi":true},"GLT-X16s":{"Algo":"X16s","Name":"Globaltoken","Symbol":"GLT","Multi":true},"GLT-X17":{"Algo":"X17","Name":"Globaltoken","Symbol":"GLT","Multi":true},"GLT-X21s":{"Algo":"X21s","Name":"Globaltoken","Symbol":"GLT","Multi":true},"GLT-X22i":{"Algo":"X22i","Name":"Globaltoken","Symbol":"GLT","Multi":true},"GLT-X25x":{"Algo":"X25x","Name":"Globaltoken","Symbol":"GLT","Multi":true},"GLT-Xevan":{"Algo":"Xevan","Name":"Globaltoken","Symbol":"GLT","Multi":true},"GLT-Yescrypt":{"Algo":"Yescrypt","Name":"Globaltoken","Symbol":"GLT","Multi":true},"GLT-Yespower":{"Algo":"Yespower","Name":"Globaltoken","Symbol":"GLT","Multi":true},"GM":{"Algo":"RWAHash","Name":"Goodmorning","Symbol":"GM"},"GMC":{"Algo":"NeoScrypt","Name":"Grandmaster","Symbol":"GMC"},"GNTL":{"Algo":"RandomArq","Name":"GNTL Coin","Symbol":"GNTL"},"GOL":{"Algo":"Ethash","Name":"Goldiam","Symbol":"GOL"},"GOLD":{"Algo":"YescryptR16","Name":"GoldCash","Symbol":"GOLD"},"GPN":{"Algo":"KawPOW","Name":"Gamepass","Symbol":"GPN"},"GRAM":{"Algo":"SHA256ton","Name":"Gram","Symbol":"GRAM"},"GRFT":{"Algo":"RandomGRFT","Name":"Graft","Symbol":"GRFT"},"GRIM":{"Algo":"Scrypt","Name":"Grim","Symbol":"GRIM"},"GRIMM":{"Algo":"EquihashR25x5","Name":"Grimm","Symbol":"GRIMM"},"GRIN":{"Algo":"Cuckatoo32","Name":"Grin","Symbol":"GRIN","Multi":true},"GRIN29":{"Algo":"Cuckarooz29","Name":"Grin","Symbol":"GRIN","Multi":true},"GRIN31":{"Algo":"Cuckatoo31","Name":"Grin","Symbol":"GRIN","Multi":true},"GRIN32":{"Algo":"Cuckatoo32","Name":"Grin","Symbol":"GRIN32"},"GRIN-C29":{"Algo":"Cuckarooz29","Name":"Grin","Symbol":"GRIN","Multi":true},"GRIN-C31":{"Algo":"Cuckatoo31","Name":"Grin","Symbol":"GRIN","Multi":true},"GRIN-C32":{"Algo":"Cuckatoo32","Name":"Grin","Symbol":"GRIN","Multi":true},"GRIN-Cuckarooz29":{"Algo":"Cuckarooz29","Name":"Grin","Symbol":"GRIN","Multi":true},"GRIN-Cuckatoo31":{"Algo":"Cuckatoo31","Name":"Grin","Symbol":"GRIN","Multi":true},"GRIN-Cuckatoo32":{"Algo":"Cuckatoo32","Name":"Grin","Symbol":"GRIN","Multi":true},"GRIN-PRI":{"Algo":"Cuckatoo32","Name":"Grin","Symbol":"GRIN","Multi":true},"GRIN-SEC":{"Algo":"Cuckarooz29","Name":"Grin","Symbol":"GRIN","Multi":true},"GRLC":{"Algo":"Allium","Name":"Garlic","Symbol":"GRLC"},"GRR":{"Algo":"Take2","Name":"Ghostrider","Symbol":"GRR"},"GRS":{"Algo":"Groestl","Name":"Groestl","Symbol":"GRS"},"GRV":{"Algo":"X16r","Name":"Gravium","Symbol":"GRV"},"GSPC":{"Algo":"Take2","Name":"GSP","Symbol":"GSPC"},"GUN":{"Algo":"NeoScrypt","Name":"Gun","Symbol":"GUN"},"GXG":{"Algo":"X11","Name":"Groincoin","Symbol":"GXG"},"GXX":{"Algo":"Lyra2z330","Name":"Gravitycoin","Symbol":"GXX"},"HANA":{"Algo":"Lyra2RE3","Name":"Hanacoin","Symbol":"HANA"},"HATCH":{"Algo":"X11","Name":"HATCH","Symbol":"HATCH"},"HBC":{"Algo":"Ethash","Name":"HotelbyteCoin","Symbol":"HBC"},"HCASH":{"Algo":"Blakecoin","Name":"HCASH","Symbol":"HCASH"},"HDAC":{"Algo":"Skunk","Name":"HDAC","Symbol":"HDAC"},"HEL":{"Algo":"Sib","Name":"Hellar","Symbol":"HEL"},"HLX":{"Algo":"X16r","Name":"Hilux","Symbol":"HLX"},"HNS":{"Algo":"Blake2bSHA3","Name":"Handshake","Symbol":"HNS"},"HODL":{"Algo":"Hodl","Name":"Hodlcoin","Symbol":"HODL"},"HOOT":{"Algo":"X11","Name":"Hootchain","Symbol":"HOOT"},"HORA":{"Algo":"ProgPoWH","Name":"Hydnora","Symbol":"HORA"},"HPC":{"Algo":"X11","Name":"Happy","Symbol":"HPC"},"HSCX":{"Algo":"Randomhscx","Name":"HashCoinx","Symbol":"HSCX"},"HTA":{"Algo":"X16rv2","Name":"Historia","Symbol":"HTA"},"HTH":{"Algo":"X25x","Name":"HelpTheHomeless","Symbol":"HTH"},"HTN":{"Algo":"Hoohash","Name":"HoosatNetwork","Symbol":"HTN"},"HUSH":{"Algo":"Equihash","Name":"Hush","Symbol":"HUSH"},"HWI":{"Algo":"Quark","Name":"Hawaii","Symbol":"HWI"},"HYC":{"Algo":"CryptoNightHycon","Name":"Hycon","Symbol":"HYC"},"IBH":{"Algo":"Scrypt","Name":"Ibithub","Symbol":"IBH"},"IC":{"Algo":"NeoScrypt","Name":"Ignition","Symbol":"IC"},"IFC":{"Algo":"Scrypt","Name":"InfiniteCoin","Symbol":"IFC"},"IFX":{"Algo":"Lyra2z","Name":"Infinex","Symbol":"IFX"},"IMG":{"Algo":"X11","Name":"Imagecoin","Symbol":"IMG"},"IMGC":{"Algo":"X11","Name":"Imagecash","Symbol":"IMGC"},"INFO":{"Algo":"Blake2s","Name":"Infocoin","Symbol":"INFO"},"INN":{"Algo":"Tribus","Name":"Innova","Symbol":"INN"},"INZ":{"Algo":"CryptoNightTurtle","Name":"Ionize","Symbol":"INZ"},"IOTS":{"Algo":"YespowerIOTS","Name":"IOTS","Symbol":"IOTS"},"IQ":{"Algo":"NeoScrypt","Name":"IQ Cash","Symbol":"IQ"},"IRD":{"Algo":"CryptoNightTurtle","Name":"Iridium","Symbol":"IRD"},"IRL":{"Algo":"Scrypt","Name":"Irishcoin","Symbol":"IRL"},"IRON":{"Algo":"FishHash","Name":"Ironfish","Symbol":"IRON"},"ISO":{"Algo":"YespowerIC","Name":"IsotopeC","Symbol":"ISO"},"ITC":{"Algo":"Interchained","Name":"InterchainedToken","Symbol":"ITC"},"ITZ":{"Algo":"C11","Name":"Interzone","Symbol":"ITZ"},"IXI":{"Algo":"Argon2Ixi","Name":"Ixian","Symbol":"IXI"},"JEM":{"Algo":"MTP","Name":"Jemcash","Symbol":"JEM"},"JINY":{"Algo":"X16r","Name":"Jinycoin","Symbol":"JINY"},"JKC":{"Algo":"Scrypt","Name":"Junk","Symbol":"JKC"},"JOSS":{"Algo":"Allium","Name":"Joss Network","Symbol":"JOSS"},"JOYS":{"Algo":"Ethash","Name":"Joys Digital","Symbol":"JOYS"},"KAS":{"Algo":"kHeavyHash","Name":"Kaspa","Symbol":"KAS"},"KCN":{"Algo":"Flex","Name":"Kylacoin","Symbol":"KCN"},"KDA":{"Algo":"Blake2s","Name":"Kadena","Symbol":"KDA"},"KIIRO":{"Algo":"FiroPoW","Name":"KiiroCoin","Symbol":"KIIRO"},"KLR":{"Algo":"RandomXHFPI","Name":"Klaro","Symbol":"KLR"},"KLS":{"Algo":"KarlsenHashV2","Name":"KarlsenCoin","Symbol":"KLS"},"KMD":{"Algo":"Equihash","Name":"Komodo","Symbol":"KMD"},"KOTO":{"Algo":"YescryptR8g","Name":"koto","Symbol":"KOTO"},"KRB":{"Algo":"CryptoNight","Name":"Karbo","Symbol":"KRB"},"KREDS":{"Algo":"Lyra2RE2","Name":"Kreds","Symbol":"KREDS"},"KUS":{"Algo":"Take2","Name":"Kusa","Symbol":"KUS"},"KVA":{"Algo":"RandomKEVA","Name":"Kevacoin","Symbol":"KVA"},"KYAN":{"Algo":"X11k","Name":"Kyanite","Symbol":"KYAN"},"KYF":{"Algo":"SHA256d","Name":"Cryptofranc","Symbol":"KYF"},"KZC":{"Algo":"X11","Name":"KZ Cash","Symbol":"KZC"},"LANA":{"Algo":"SHA256d","Name":"Lana","Symbol":"LANA"},"LAX":{"Algo":"Xhash","Name":"ParallaxCoin","Symbol":"LAX"},"LBC":{"Algo":"Lbry","Name":"Lbryio","Symbol":"LBC"},"LBRT":{"Algo":"Blake3Lbrt","Name":"Liberty","Symbol":"LBRT"},"LBTC":{"Algo":"YescryptR32","Name":"Litebitcoin","Symbol":"LBTC"},"LBW":{"Algo":"Scrypt","Name":"Lebowskis","Symbol":"LBW"},"LCC":{"Algo":"MinotaurX","Name":"LiteCoin Cash Minotaurx","Symbol":"LCC","Multi":true},"LCC-MinotaurX":{"Algo":"MinotaurX","Name":"LitecoinCash","Symbol":"LCC","Multi":true},"LCC-SHA256d":{"Algo":"SHA256d","Name":"LitecoinCash","Symbol":"LCC","Multi":true},"LCN":{"Algo":"Flex","Name":"Lyn","Symbol":"LCN"},"LDC":{"Algo":"SHA256csm","Name":"Leedcoin","Symbol":"LDC"},"LEVO":{"Algo":"X11","Name":"Levocoin","Symbol":"LEVO"},"LINC":{"Algo":"NeoScrypt","Name":"Linc","Symbol":"LINC"},"LINX":{"Algo":"Scrypt","Name":"Linx","Symbol":"LINX"},"LITB":{"Algo":"YespowerLITB","Name":"LightBit","Symbol":"LITB"},"LKS":{"Algo":"X11","Name":"LKS","Symbol":"LKS"},"LKY":{"Algo":"Scrypt","Name":"Lucky","Symbol":"LKY"},"LNCR":{"Algo":"YespowerLTNCG","Name":"Lighteningcashr","Symbol":"LNCR"},"LOG":{"Algo":"Skein2","Name":"Woodcoin","Symbol":"LOG"},"LOKI":{"Algo":"RandomXL","Name":"Loki","Symbol":"LOKI"},"LOZZ":{"Algo":"RandomL","Name":"LozzaxCoin","Symbol":"LOZZ"},"LRA":{"Algo":"C11","Name":"Learnium","Symbol":"LRA"},"LRS":{"Algo":"Ethash","Name":"Larissa","Symbol":"LRS"},"LTC":{"Algo":"Scrypt","Name":"Litecoin","Symbol":"LTC"},"LTCX":{"Algo":"X11","Name":"Litecoinx","Symbol":"LTCX"},"LTFN":{"Algo":"YescryptR32","Name":"Ltfinance","Symbol":"LTFN"},"LTHN":{"Algo":"Argon2ChukwaV2","Name":"Lethean","Symbol":"LTHN"},"LTNCG":{"Algo":"YespowerLTNCG","Name":"LightningCash-Gold","Symbol":"LTNCG"},"LTZ":{"Algo":"Equihash24x5","Name":"LitecoinZ","Symbol":"LTZ"},"LUCKY":{"Algo":"NeoScrypt","Name":"LUCKY","Symbol":"LUCKY"},"LUX":{"Algo":"RX2","Name":"LuxCoin","Symbol":"LUX"},"MAC":{"Algo":"Timetravel","Name":"Machine","Symbol":"MAC"},"MAX":{"Algo":"Keccak","Name":"Maxcoin","Symbol":"MAX"},"MAXE":{"Algo":"Take2","Name":"Maxeter","Symbol":"MAXE"},"MAXI":{"Algo":"X11","Name":"Maximus","Symbol":"MAXI"},"MAZA":{"Algo":"MinotaurX","Name":"Maza","Symbol":"MAZA","Multi":true},"MAZA-MinotaurX":{"Algo":"MinotaurX","Name":"Maza","Symbol":"MAZA","Multi":true},"MAZA-SHA256d":{"Algo":"SHA256d","Name":"Maza","Symbol":"MAZA","Multi":true},"MBC":{"Algo":"Yespower2b","Name":"Microbitcoin","Symbol":"MBC"},"MBGL":{"Algo":"Skunk","Name":"Mobitglobal","Symbol":"MBGL"},"MCL":{"Algo":"Equihash","Name":"Marmara","Symbol":"MCL"},"MCM":{"Algo":"Peach","Name":"Mochimo","Symbol":"MCM"},"MDEX":{"Algo":"X16r","Name":"Moondex","Symbol":"MDEX"},"MEC":{"Algo":"MegaMEC","Name":"Megacoin","Symbol":"MEC"},"MECU":{"Algo":"Take2","Name":"Mecuai","Symbol":"MECU"},"MEER":{"Algo":"MeerKeccakV1","Name":"Qitmeer","Symbol":"MEER"},"MEG":{"Algo":"MegaMEC","Name":"Megacoin","Symbol":"MEG"},"MEK":{"Algo":"X17","Name":"Meraki","Symbol":"MEK"},"MEWC":{"Algo":"MeowPow","Name":"MeowCoin","Symbol":"MEWC","Multi":true},"MEWC-MeowPow":{"Algo":"MeowPow","Name":"Meow","Symbol":"MEWC","Multi":true},"MEWC-Scrypt":{"Algo":"Scrypt","Name":"Meow","Symbol":"MEWC","Multi":true},"MGE":{"Algo":"X11","Name":"Mergex","Symbol":"MGE"},"MGPC":{"Algo":"YespowerMGPC","Name":"MagPieCoin","Symbol":"MGPC"},"MINTME":{"Algo":"Lyra2re2webchain","Name":"MintmeCoin","Symbol":"MINTME"},"MIX":{"Algo":"Ethash","Name":"Mix","Symbol":"MIX"},"MNC":{"Algo":"Scrypt","Name":"Mincoin","Symbol":"MNC"},"MNG":{"Algo":"Argon2Chukwa","Name":"MangoCoin","Symbol":"MNG"},"MNX":{"Algo":"Equihash16x5","Name":"Minex","Symbol":"MNX"},"MO":{"Algo":"Ethash","Name":"MineOnlium","Symbol":"MO"},"MOAC":{"Algo":"Ethash","Name":"Moac","Symbol":"MOAC"},"MOG":{"Algo":"NeoScrypt","Name":"Mogwai","Symbol":"MOG"},"MON":{"Algo":"NeoScrypt","Name":"Btcmonster","Symbol":"MON"},"MONA":{"Algo":"Lyra2RE2","Name":"Mona","Symbol":"MONA"},"MRL":{"Algo":"RandomArq","Name":"Morelo","Symbol":"MRL"},"MSR":{"Algo":"CryptoNightFast2","Name":"Masari","Symbol":"MSR"},"MTBC-Balloon":{"Algo":"Balloon","Name":"Mateable","Symbol":"MTBC","Multi":true},"MTBC-Scrypt":{"Algo":"Scrypt","Name":"Mateable","Symbol":"MTBC","Multi":true},"MTBC-Take2":{"Algo":"Take2","Name":"Mateable","Symbol":"MTBC","Multi":true},"MTBC-Whirlpool":{"Algo":"Whirlpool","Name":"Mateable","Symbol":"MTBC","Multi":true},"MTBC-YescryptR8":{"Algo":"YescryptR8","Name":"Mateable","Symbol":"MTBC","Multi":true},"MUSIC":{"Algo":"Ethash","Name":"Musicoin","Symbol":"MUSIC"},"MWC":{"Algo":"Cuckatoo31","Name":"MimbleWimbleCoin","Symbol":"MWC","Multi":true},"MWC29":{"Algo":"Cuckarood29","Name":"MimbleWimbleCoin","Symbol":"MWC","Multi":true},"MWC31":{"Algo":"Cuckatoo31","Name":"MimbleWimbleCoin","Symbol":"MWC","Multi":true},"MWC-C29":{"Algo":"Cuckarood29","Name":"MimbleWimbleCoin","Symbol":"MWC","Multi":true},"MWC-C31":{"Algo":"Cuckatoo31","Name":"MimbleWimbleCoin","Symbol":"MWC","Multi":true},"MWC-Cuckarood29":{"Algo":"Cuckarood29","Name":"MimbleWimbleCoin","Symbol":"MWC","Multi":true},"MWC-Cuckatoo31":{"Algo":"Cuckatoo31","Name":"MimbleWimbleCoin","Symbol":"MWC","Multi":true},"MWC-PRI":{"Algo":"Cuckatoo31","Name":"MimbleWimbleCoin","Symbol":"MWC","Multi":true},"MWC-SEC":{"Algo":"Cuckarood29","Name":"MimbleWimbleCoin","Symbol":"MWC","Multi":true},"MYNT":{"Algo":"X16s","Name":"Mynt","Symbol":"MYNT"},"NACA":{"Algo":"Argon2Chukwa","Name":"NashCash","Symbol":"NACA"},"NAD":{"Algo":"SHA256csm","Name":"Nadir","Symbol":"NAD"},"NBX":{"Algo":"CryptoNightLiteV7","Name":"NibbleClassic","Symbol":"NBX"},"NBXC":{"Algo":"CryptoNightConceal","Name":"NibbleNibble","Symbol":"NBXC"},"NEET":{"Algo":"Scrypt","Name":"Neetcoin","Symbol":"NEET"},"NENG":{"Algo":"Scrypt","Name":"NewenglandCoin","Symbol":"NENG"},"NEOX":{"Algo":"KawPOW","Name":"Neoxa","Symbol":"NEOX"},"NEVA":{"Algo":"Blake2s","Name":"Nevacoin","Symbol":"NEVA"},"NEXA":{"Algo":"NexaPoW","Name":"Nexa","Symbol":"NEXA"},"NIKI":{"Algo":"Take2","Name":"Nikitonium","Symbol":"NIKI"},"NILU":{"Algo":"Ethash","Name":"Nilu","Symbol":"NILU"},"NIM":{"Algo":"Argon2dNim","Name":"NIMIQ","Symbol":"NIM"},"NIMB":{"Algo":"CryptoNightTurtle","Name":"NimboCoin","Symbol":"NIMB"},"NIR":{"Algo":"ProgPoWZ","Name":"Nirmata","Symbol":"NIR"},"NLG":{"Algo":"Scrypt","Name":"Gulden","Symbol":"NLG"},"NMC":{"Algo":"SHA256d","Name":"Namecoin","Symbol":"NMC"},"NMS":{"Algo":"Dedal","Name":"Numus","Symbol":"NMS"},"NOBL":{"Algo":"m7m","Name":"NobleCoin","Symbol":"NOBL"},"NOON":{"Algo":"YescryptR16","Name":"Nooncoin","Symbol":"NOON"},"NOVD":{"Algo":"SHA256dt","Name":"Novo","Symbol":"NOVD"},"NOVO":{"Algo":"SHA256dt","Name":"Novo","Symbol":"NOVO"},"NOX":{"Algo":"RandomX","Name":"NoxCoin","Symbol":"NOX"},"NSD":{"Algo":"Scrypt","Name":"Nasda","Symbol":"NSD"},"NTL":{"Algo":"KarlsenHash","Name":"Nautilus","Symbol":"NTL"},"NUKO":{"Algo":"Ethash","Name":"Nekonium","Symbol":"NUKO"},"NVC":{"Algo":"Scrypt","Name":"Novacoin","Symbol":"NVC"},"NVOL":{"Algo":"KeccakC","Name":"Nvolve","Symbol":"NVOL"},"NXL":{"Algo":"NxlHash","Name":"Nexellia","Symbol":"NXL"},"NXS":{"Algo":"NexusHash","Name":"Nexus","Symbol":"NXS"},"NYAN":{"Algo":"Scrypt","Name":"Nyancoin","Symbol":"NYAN"},"NYBC":{"Algo":"Ethash","Name":"NewYorkBlockchain","Symbol":"NYBC"},"NYGC":{"Algo":"Scrypt","Name":"Newyorkgoldcoin","Symbol":"NYGC"},"NYX":{"Algo":"NeoScrypt","Name":"Nyxcoin","Symbol":"NYX"},"OBTC":{"Algo":"HeavyHash","Name":"OpticalBitcoin","Symbol":"OBTC"},"OBV":{"Algo":"CurveHash","Name":"Oblivioncoin","Symbol":"OBV"},"OCP":{"Algo":"SHA256t","Name":"Ocp","Symbol":"OCP"},"OCTA":{"Algo":"Ethash","Name":"OctaSpace","Symbol":"OCTA"},"OGVA":{"Algo":"NeoScrypt","Name":"OGVA Network","Symbol":"OGVA"},"OL":{"Algo":"Olhash","Name":"Overline","Symbol":"OL"},"OMEGA":{"Algo":"X11","Name":"Omega","Symbol":"OMEGA"},"ONION":{"Algo":"X13","Name":"Deeponion","Symbol":"ONION"},"ONX":{"Algo":"Yespower","Name":"Onyx","Symbol":"ONX"},"ORB":{"Algo":"NeoScrypt","Name":"Orbitcoin","Symbol":"ORB"},"OSMI":{"Algo":"X11","Name":"Osmium","Symbol":"OSMI"},"OSN":{"Algo":"Take2","Name":"Osinpay","Symbol":"OSN"},"PAC":{"Algo":"Ethash","Name":"Pacman","Symbol":"PAC"},"PARS":{"Algo":"CryptoNightV7","Name":"ParsiCoin","Symbol":"PARS"},"PASC":{"Algo":"RandomHash2","Name":"Pascalcoin","Symbol":"PASC"},"PBTC":{"Algo":"HeavyHash","Name":"PhotonicBitcoin","Symbol":"PBTC"},"PCOIN":{"Algo":"X11","Name":"Pioneercoin","Symbol":"PCOIN"},"PEP":{"Algo":"Scrypt","Name":"Pepe","Symbol":"PEP"},"PEPEW":{"Algo":"XelisV2Pepew","Name":"Pepepow","Symbol":"PEPEW"},"PEXA":{"Algo":"X16rv2","Name":"Pexa Coin","Symbol":"PEXA"},"PGC":{"Algo":"Ethash","Name":"Pegascoin","Symbol":"PGC"},"PGN":{"Algo":"X21s","Name":"Pigeoncoin","Symbol":"PGN"},"PGO":{"Algo":"CryptoNightTurtle","Name":"PengolinCoin","Symbol":"PGO"},"PHC":{"Algo":"Scrypt","Name":"Profithunter","Symbol":"PHC"},"PHI":{"Algo":"PhiHash","Name":"Phicoin","Symbol":"PHI"},"PHL":{"Algo":"X16r","Name":"Placeholders","Symbol":"PHL"},"PINK":{"Algo":"Ethash","Name":"Pinkchain","Symbol":"PINK"},"PIRL":{"Algo":"Ethash","Name":"Pirl","Symbol":"PIRL"},"PLE":{"Algo":"CryptoNightTurtle","Name":"Plenteum","Symbol":"PLE"},"PLHV":{"Algo":"MinotaurX","Name":"Plexhive","Symbol":"PLHV"},"PLSR-CurveHash":{"Algo":"CurveHash","Name":"PulsarCoin","Symbol":"PLSR","Multi":true},"PLSR-MinotaurX":{"Algo":"MinotaurX","Name":"PulsarCoin","Symbol":"PLSR","Multi":true},"PLURA":{"Algo":"CryptoNight","Name":"PluraCoin","Symbol":"PLURA"},"PLUS":{"Algo":"HMQ1725","Name":"Plusonecoin","Symbol":"PLUS"},"PLUS1":{"Algo":"HMQ1725","Name":"Plusonecoin","Symbol":"PLUS1"},"PMEER":{"Algo":"Cuckaroom29","Name":"Qitmeer","Symbol":"PMEER"},"POLY":{"Algo":"Polytimos","Name":"Polytimos","Symbol":"POLY"},"POM":{"Algo":"Ethash","Name":"ProofOfMemes","Symbol":"POM"},"PPC":{"Algo":"SHA256d","Name":"Peercoin","Symbol":"PPC"},"PRIV":{"Algo":"Yespower","Name":"Privcy","Symbol":"PRIV"},"PRKL":{"Algo":"Ethash","Name":"Perkle","Symbol":"PRKL"},"PTC":{"Algo":"Scrypt","Name":"Pesetacoin","Symbol":"PTC"},"PUG":{"Algo":"HoohashV1","Name":"PugDAG","Symbol":"PUG"},"PURA":{"Algo":"X11","Name":"Pura","Symbol":"PURA"},"PWR":{"Algo":"Ethash","Name":"MaxxChain","Symbol":"PWR"},"PXC":{"Algo":"NeoScrypt","Name":"Phoenixcoin","Symbol":"PXC"},"PYI":{"Algo":"PyrinHashV2","Name":"Pyrin","Symbol":"PYI"},"PYRK-Lyra2z330":{"Algo":"Lyra2z330","Name":"Pyrk","Symbol":"PYRK","Multi":true},"PYRK-Scrypt":{"Algo":"Scrypt","Name":"Pyrk","Symbol":"PYRK","Multi":true},"PYRK-SHA256d":{"Algo":"SHA256d","Name":"Pyrk","Symbol":"PYRK","Multi":true},"PYRK-X11":{"Algo":"X11","Name":"Pyrk","Symbol":"PYRK","Multi":true},"PYRK-Yespower":{"Algo":"Yespower","Name":"Pyrk","Symbol":"PYRK","Multi":true},"QBC":{"Algo":"RandomX","Name":"QbitCoin","Symbol":"QBC"},"QBS":{"Algo":"X16s","Name":"Qbase","Symbol":"QBS"},"QIE":{"Algo":"Ethash","Name":"QiBlockchain","Symbol":"QIE"},"QKC":{"Algo":"Ethash","Name":"QuarkChain","Symbol":"QKC"},"QOGE":{"Algo":"YescryptR16","Name":"Qogecoin","Symbol":"QOGE"},"QRL":{"Algo":"RandomX","Name":"Quantum","Symbol":"QRL"},"QRN":{"Algo":"X33","Name":"Qureno","Symbol":"QRN"},"QSF":{"Algo":"RandomX","Name":"Qsf","Symbol":"QSF"},"QTC":{"Algo":"Qhash","Name":"Qubitcoin","Symbol":"QTC"},"QUAI":{"Algo":"ProgPowQuai","Name":"Quai","Symbol":"QUAI"},"QWC":{"Algo":"CryptoNight","Name":"QwertyCoin","Symbol":"QWC"},"R5":{"Algo":"EthashR5","Name":"R5Coin","Symbol":"R5"},"RACE":{"Algo":"Lyra2RE2","Name":"Race","Symbol":"RACE"},"RAD":{"Algo":"SHA512256d","Name":"Radiant","Symbol":"RAD"},"RAP":{"Algo":"NeoScrypt","Name":"Rapture","Symbol":"RAP"},"RBL":{"Algo":"SHA256d","Name":"Rebel","Symbol":"RBL"},"REA":{"Algo":"SHA256csm","Name":"Realcoin","Symbol":"REA"},"REALI":{"Algo":"FiroPoW","Name":"Realichain","Symbol":"REALI"},"REAN":{"Algo":"YescryptR16","Name":"Reacoin","Symbol":"REAN"},"REDEV2":{"Algo":"Ethash","Name":"Redev2","Symbol":"REDEV2"},"REDN":{"Algo":"X16s","Name":"Reden","Symbol":"REDN"},"REOSC":{"Algo":"Ethash","Name":"REOSC Ecosystem","Symbol":"REOSC"},"RES":{"Algo":"YespowerRES","Name":"Resistance","Symbol":"RES"},"RIC":{"Algo":"Primesr","Name":"Riecoin","Symbol":"RIC"},"RIN":{"Algo":"Rinhash","Name":"Rin","Symbol":"RIN"},"RING":{"Algo":"Minotaur","Name":"Ring","Symbol":"RING"},"RITO":{"Algo":"X21s","Name":"Ritocoin","Symbol":"RITO"},"RNG":{"Algo":"Minotaur","Name":"Ring","Symbol":"RNG"},"ROD-NeoScryptXaya":{"Algo":"NeoScryptXaya","Name":"Spacexpanse","Symbol":"ROD","Multi":true},"ROD-SHA256d":{"Algo":"SHA256d","Name":"Spacexpanse","Symbol":"ROD","Multi":true},"ROI":{"Algo":"Hodl","Name":"Roicoin","Symbol":"ROI"},"ROL":{"Algo":"Ethash","Name":"Roller","Symbol":"ROL"},"RPG":{"Algo":"X21s","Name":"RPG","Symbol":"RPG"},"RTH":{"Algo":"EthashB3","Name":"Rethereum","Symbol":"RTH"},"RTID":{"Algo":"YescryptR16","Name":"Rtidcoin","Symbol":"RTID"},"RTM":{"Algo":"Take2","Name":"Raptor3um","Symbol":"RTM"},"RTO":{"Algo":"CryptoNightRto","Name":"Arto","Symbol":"RTO"},"RVC":{"Algo":"X16r","Name":"RavencoinClassic","Symbol":"RVC"},"RVH":{"Algo":"KawPOW","Name":"Ravencash","Symbol":"RVH"},"RVL":{"Algo":"X16r","Name":"RavencoinLite","Symbol":"RVL"},"RVN":{"Algo":"KawPOW","Name":"Ravencoin","Symbol":"RVN"},"RVNKP":{"Algo":"KawPOW","Name":"Testnet RVN","Symbol":"RVNKP"},"RVNt":{"Algo":"KawPOW","Name":"Testnet RVN","Symbol":"RVNt"},"RXD":{"Algo":"SHA512256d","Name":"Radiant","Symbol":"RXD"},"RYO":{"Algo":"CryptoNightGPU","Name":"Ryo","Symbol":"RYO"},"SAFE":{"Algo":"Equihash24x7","Name":"Safecoin","Symbol":"SAFE"},"SAFEC":{"Algo":"Equihash24x7","Name":"SafecoinClassic","Symbol":"SAFEC"},"SAL":{"Algo":"RandomX","Name":"Salvium","Symbol":"SAL"},"SAP":{"Algo":"Lyra2RE2","Name":"Methuselah","Symbol":"SAP"},"SAROS":{"Algo":"X11","Name":"Soros","Symbol":"SAROS"},"SATOX":{"Algo":"KawPOW","Name":"Sato","Symbol":"SATOX"},"SAU":{"Algo":"CryptoNightTurtle","Name":"SatoriCoin","Symbol":"SAU"},"SC":{"Algo":"Blake2b","Name":"Siacoin","Symbol":"SC"},"SCASH":{"Algo":"RandomScash","Name":"Satoshicash","Symbol":"SCASH"},"SCC":{"Algo":"SCCPow","Name":"StakeCube","Symbol":"SCC"},"SCIFI":{"Algo":"Scrypt","Name":"Scifi","Symbol":"SCIFI"},"SCRIBE":{"Algo":"Lyra2RE2","Name":"Scribe","Symbol":"SCRIBE"},"SCRIV":{"Algo":"Tribus","Name":"Scriv","Symbol":"SCRIV"},"SDR":{"Algo":"kHeavyHash","Name":"Sedra","Symbol":"SDR"},"SECI":{"Algo":"Lyra2RE2","Name":"SECI","Symbol":"SECI"},"SERO":{"Algo":"ProgPowSero","Name":"Superzero","Symbol":"SERO"},"SFX":{"Algo":"RandomSFX","Name":"Safexcash","Symbol":"SFX"},"SHIC":{"Algo":"Scrypt","Name":"Shiba","Symbol":"SHIC"},"SHIELD-MYR":{"Algo":"MyriadGroestl","Name":"SHIELD","Symbol":"SHIELD"},"SIB":{"Algo":"Sib","Name":"Sib","Symbol":"SIB"},"SIN":{"Algo":"X25x","Name":"Sinovative","Symbol":"SIN"},"SKC":{"Algo":"Skein","Name":"Skeincoin","Symbol":"SKC"},"SKYDOGE":{"Algo":"SkyDoge","Name":"SkyDoge","Symbol":"SKYDOGE"},"SKYT":{"Algo":"Take2","Name":"Skytere","Symbol":"SKYT"},"SMART":{"Algo":"Keccak","Name":"Smartcash","Symbol":"SMART"},"SMLY-MyriadGroestl":{"Algo":"MyriadGroestl","Name":"Smileycoin","Symbol":"SMLY","Multi":true},"SMLY-Skein":{"Algo":"Skein","Name":"Smileycoin","Symbol":"SMLY","Multi":true},"SMT":{"Algo":"Yespower","Name":"Smartie","Symbol":"SMT"},"SOH":{"Algo":"Scrypt","Name":"Stohn","Symbol":"SOH"},"SONO":{"Algo":"SonoA","Name":"Sono","Symbol":"SONO"},"SOV":{"Algo":"X16r","Name":"Sovereign","Symbol":"SOV"},"SPACE":{"Algo":"SHA256d","Name":"MVC","Symbol":"SPACE"},"SPDR":{"Algo":"PHI2","Name":"Spider","Symbol":"SPDR"},"SPK":{"Algo":"NeoScrypt","Name":"Sparkspay","Symbol":"SPK"},"SPLD":{"Algo":"KawPOW","Name":"SplendidCoin","Symbol":"SPLD"},"SPR":{"Algo":"SpectreX","Name":"Spectre","Symbol":"SPR"},"SPRX":{"Algo":"Yespower","Name":"SprintPay","Symbol":"SPRX"},"SQSH":{"Algo":"KawPOW","Name":"Blobfish","Symbol":"SQSH"},"SRC":{"Algo":"Quark","Name":"Secure","Symbol":"SRC"},"SSC":{"Algo":"Lyra2z330","Name":"SuperstringChain","Symbol":"SSC"},"STAK":{"Algo":"Lyra2RE2","Name":"Straks","Symbol":"STAK"},"START":{"Algo":"X11","Name":"Startcoin","Symbol":"START"},"STM":{"Algo":"Lyra2z","Name":"Stimcoin","Symbol":"STM"},"STRMS":{"Algo":"Skunk","Name":"Streamies","Symbol":"STRMS"},"SUGAR":{"Algo":"YespowerSUGAR","Name":"SugarChain","Symbol":"SUGAR"},"SUMO":{"Algo":"CryptoNightR","Name":"Sumokoin","Symbol":"SUMO"},"SUN":{"Algo":"NeoScrypt","Name":"Suncoin","Symbol":"SUN"},"SUSU":{"Algo":"SHA256d","Name":"Susucoin","Symbol":"SUSU"},"SVX":{"Algo":"kHeavyHash","Name":"Slyvex","Symbol":"SVX"},"SWAMP":{"Algo":"Yespower","Name":"SwampCoin","Symbol":"SWAMP"},"SXC":{"Algo":"Scrypt","Name":"Sexcoin","Symbol":"SXC"},"SYS":{"Algo":"SHA256d","Name":"Syscoin","Symbol":"SYS"},"TAFT":{"Algo":"Take2","Name":"Cointaft","Symbol":"TAFT"},"TCR":{"Algo":"MTPTcr","Name":"Tecracoin","Symbol":"TCR"},"TDC":{"Algo":"YespowerTIDE","Name":"Tidecoin","Symbol":"TDC"},"TENT":{"Algo":"Equihash24x5","Name":"Tent","Symbol":"TENT"},"TEO":{"Algo":"TEThashV1","Name":"Trusteth Reorigin","Symbol":"TEO"},"TESLA":{"Algo":"Ethash","Name":"TeslaCoin","Symbol":"TESLA"},"THETA":{"Algo":"Ethash","Name":"Theta","Symbol":"THETA"},"THOR":{"Algo":"Scrypt","Name":"ThorCoin","Symbol":"THOR"},"THR":{"Algo":"Ethash","Name":"Thoreum","Symbol":"THR"},"THT":{"Algo":"THT","Name":"ThoughtAI","Symbol":"THT"},"TIM":{"Algo":"SHA256csm","Name":"TIMcoin","Symbol":"TIM"},"TLO":{"Algo":"CryptoNightUltraV2","Name":"Talleo","Symbol":"TLO"},"TLR":{"Algo":"Lyra2z","Name":"Taler","Symbol":"TLR"},"TLS":{"Algo":"Meraki","Name":"Telestai","Symbol":"TLS"},"TNET":{"Algo":"Blake2b","Name":"BitcoinClashic","Symbol":"TNET"},"TON":{"Algo":"SHA256ton","Name":"TONcoin","Symbol":"TON"},"TONCOIN":{"Algo":"SHA256ton","Name":"TONcoin","Symbol":"TONCOIN"},"TOPAZ":{"Algo":"Scrypt","Name":"Topaz","Symbol":"TOPAZ"},"TRAID":{"Algo":"NeoScrypt","Name":"Traid","Symbol":"TRAID"},"TRB":{"Algo":"Tellor","Name":"Tellor","Symbol":"TRB"},"TRC":{"Algo":"SHA256d","Name":"Terracoin","Symbol":"TRC"},"TRMP":{"Algo":"Scrypt","Name":"Trumpow","Symbol":"TRMP"},"TROLL":{"Algo":"Scrypt","Name":"Trollcoin","Symbol":"TROLL"},"TRTL":{"Algo":"Argon2ChukwaV2","Name":"Turtle","Symbol":"TRTL"},"TSF":{"Algo":"Ethash","Name":"Transaction Service Fee","Symbol":"TSF"},"TTN":{"Algo":"X21s","Name":"Titan Coin","Symbol":"TTN"},"TTNZ":{"Algo":"CryptoNightTurtle","Name":"Tritanium","Symbol":"TTNZ"},"TUBE":{"Algo":"Cuckaroo29b","Name":"Bittube","Symbol":"TUBE"},"TUBE4":{"Algo":"Cuckaroo29b","Name":"Bittube","Symbol":"TUBE4"},"TUX":{"Algo":"Allium","Name":"Tuxcoin","Symbol":"TUX"},"TZC":{"Algo":"NeoScrypt","Name":"Trezarcoin","Symbol":"TZC"},"UBQ":{"Algo":"UbqHash","Name":"UBIQ","Symbol":"UBQ"},"UFO":{"Algo":"NeoScrypt","Name":"UFOCoin","Symbol":"UFO"},"UIS-Argon2d4096":{"Algo":"Argon2d4096","Name":"Unitus","Symbol":"UIS","Multi":true},"UIS-Lyra2RE2":{"Algo":"Lyra2RE2","Name":"Unitus","Symbol":"UIS","Multi":true},"UIS-Skein":{"Algo":"Skein","Name":"Unitus","Symbol":"UIS","Multi":true},"UIS-X11":{"Algo":"X11","Name":"Unitus","Symbol":"UIS","Multi":true},"UIS-Yescrypt":{"Algo":"Yescrypt","Name":"Unitus","Symbol":"UIS","Multi":true},"UMBRU":{"Algo":"X25x","Name":"UMBRU","Symbol":"UMBRU"},"UPX":{"Algo":"CryptoNightLiteUpx2","Name":"Uplexa","Symbol":"UPX"},"URALS":{"Algo":"Xevan","Name":"Uralscoin","Symbol":"URALS"},"URSA":{"Algo":"HeavyHash","Name":"Ursula","Symbol":"URSA"},"URX":{"Algo":"YespowerURX","Name":"Uranium-x","Symbol":"URX"},"UT":{"Algo":"CryptoHello","Name":"ULORD","Symbol":"UT"},"UTO":{"Algo":"Take2","Name":"Ultronai","Symbol":"UTO"},"V8":{"Algo":"X11","Name":"V8 Coin","Symbol":"V8"},"VARSE":{"Algo":"Take2","Name":"Varsechain","Symbol":"VARSE"},"VBK":{"Algo":"vProgPoW","Name":"Veriblock","Symbol":"VBK"},"VDL":{"Algo":"Equihash24x7","Name":"Vidulum","Symbol":"VDL"},"VDS":{"Algo":"EquihashVds","Name":"VDimension","Symbol":"VDS"},"VECO":{"Algo":"Yespower","Name":"Veco","Symbol":"VECO"},"VEGI":{"Algo":"HMQ1725","Name":"Veggie","Symbol":"VEGI"},"VEIL":{"Algo":"ProgPowVeil","Name":"Veil","Symbol":"VEIL"},"VGC":{"Algo":"X16rv2","Name":"5G-CASH","Symbol":"VGC"},"VIA":{"Algo":"Scrypt","Name":"Viacoin","Symbol":"VIA"},"VIC":{"Algo":"Ethash","Name":"Victorim","Symbol":"VIC"},"VIOG":{"Algo":"NeoScrypt","Name":"Viog","Symbol":"VIOG"},"Viridi":{"Algo":"Hex","Name":"Viridi","Symbol":"Viridi"},"VIVO":{"Algo":"NeoScrypt","Name":"Vivo","Symbol":"VIVO"},"VKAX":{"Algo":"Mike","Name":"Vkax","Symbol":"VKAX"},"VLS-Lyra2z":{"Algo":"Lyra2z","Name":"Veles","Symbol":"VLS","Multi":true},"VLS-Nist5":{"Algo":"Nist5","Name":"Veles","Symbol":"VLS","Multi":true},"VLS-Scrypt":{"Algo":"Scrypt","Name":"Veles","Symbol":"VLS","Multi":true},"VLS-SHA256d":{"Algo":"SHA256d","Name":"Veles","Symbol":"VLS","Multi":true},"VLS-X11":{"Algo":"X11","Name":"Veles","Symbol":"VLS","Multi":true},"VLS-X16r":{"Algo":"X16r","Name":"Veles","Symbol":"VLS","Multi":true},"VOLLAR":{"Algo":"EquihashVds","Name":"VDimension","Symbol":"VOLLAR"},"VORA":{"Algo":"FiroPoW","Name":"Privora","Symbol":"VORA"},"VOT":{"Algo":"Equihash","Name":"Votecoin","Symbol":"VOT"},"VRL":{"Algo":"RandomVirel","Name":"Virel","Symbol":"VRL"},"VRM":{"Algo":"ScryptN2","Name":"VeriumReserve","Symbol":"VRM"},"VRSC":{"Algo":"VerusHash","Name":"Verus","Symbol":"VRSC"},"VTC":{"Algo":"VertHash","Name":"Vertcoin","Symbol":"VTC"},"WALA":{"Algo":"WalaHash","Name":"Waglayla","Symbol":"WALA"},"WART":{"Algo":"JanusHash","Name":"Warthog","Symbol":"WART"},"WDC":{"Algo":"Scrypt","Name":"Worldcoin","Symbol":"WDC"},"WHL":{"Algo":"Ethash","Name":"WhaleCoin","Symbol":"WHL"},"WLI":{"Algo":"Ethash","Name":"Wanliuno","Symbol":"WLI"},"WOW":{"Algo":"RandomWow","Name":"Wownero","Symbol":"WOW"},"WRKZ":{"Algo":"CryptoNightLiteUpx2","Name":"WrkzCoin","Symbol":"WRKZ"},"WSBC":{"Algo":"CryptoNightTurtle","Name":"WallstreetBets","Symbol":"WSBC"},"WXC":{"Algo":"X13","Name":"Wxcoin","Symbol":"WXC"},"XBG":{"Algo":"Cuckaroo29","Name":"BitGrin","Symbol":"XBG","Multi":true},"XBG29":{"Algo":"Cuckaroo29","Name":"BitGrin","Symbol":"XBG","Multi":true},"XBG31":{"Algo":"Cuckatoo31","Name":"BitGrin","Symbol":"XBG","Multi":true},"XBG-Cuckaroo29":{"Algo":"Cuckaroo29","Name":"BitGrin","Symbol":"XBG","Multi":true},"XBG-Cuckatoo31":{"Algo":"Cuckatoo31","Name":"BitGrin","Symbol":"XBG","Multi":true},"XBG-PRI":{"Algo":"Cuckatoo31","Name":"BitGrin","Symbol":"XBG","Multi":true},"XBG-SEC":{"Algo":"Cuckaroo29","Name":"BitGrin","Symbol":"XBG","Multi":true},"XBTG":{"Algo":"Scrypt","Name":"Bitgem","Symbol":"XBTG"},"XBTX":{"Algo":"ScryptN2","Name":"BitcoinSubsidium","Symbol":"XBTX"},"XCASH":{"Algo":"CryptoNightHeavyX","Name":"Xcash","Symbol":"XCASH"},"XCB":{"Algo":"RandomY","Name":"CoreCoin","Symbol":"XCB"},"XCC":{"Algo":"FpHash","Name":"CyberChainCoin","Symbol":"XCC"},"XCN":{"Algo":"M7","Name":"Cryptonite","Symbol":"XCN"},"XCY":{"Algo":"CryptoNightTurtle","Name":"CyprusCoin","Symbol":"XCY"},"XDAG":{"Algo":"RandomXDAG","Name":"Daggercoin","Symbol":"XDAG"},"XDN":{"Algo":"BMW512","Name":"Digitalnote","Symbol":"XDN"},"XDNA":{"Algo":"Hex","Name":"XDNA","Symbol":"XDNA"},"XE":{"Algo":"XeHash","Name":"XeChainCoin","Symbol":"XE"},"XEBEC":{"Algo":"X11","Name":"Xebec","Symbol":"XEBEC"},"XEC":{"Algo":"SHA256d","Name":"e.Cash","Symbol":"XEC"},"XEL":{"Algo":"XelisHashV3","Name":"Xelis","Symbol":"XEL"},"XEQ":{"Algo":"RandomXEQ","Name":"Equilibria","Symbol":"XEQ"},"XFR":{"Algo":"MTP","Name":"Firo","Symbol":"XFR"},"XGCS":{"Algo":"X16r","Name":"Xgalaxycoin","Symbol":"XGCS"},"XGM":{"Algo":"EquihashR25x5","Name":"Defis","Symbol":"XGM"},"XHV":{"Algo":"CryptoNightHeavyXhv","Name":"Haven","Symbol":"XHV"},"XJO":{"Algo":"SHA256d","Name":"Joulecoin","Symbol":"XJO"},"XKR":{"Algo":"CryptoNightTurtle","Name":"Kryptokrona","Symbol":"XKR"},"XLA":{"Algo":"Panthera","Name":"Scala","Symbol":"XLA"},"XMC":{"Algo":"CryptoNight","Name":"MoneroClassic","Symbol":"XMC"},"XMCC":{"Algo":"X11","Name":"Monoeci","Symbol":"XMCC"},"XMG":{"Algo":"m7m","Name":"Magi","Symbol":"XMG"},"XMN":{"Algo":"X16r","Name":"Motionproject","Symbol":"XMN"},"XMR":{"Algo":"RandomX","Name":"Monero","Symbol":"XMR"},"XMV":{"Algo":"Cuckarood29v","Name":"MoneroV","Symbol":"XMV"},"XMY-Argon2d4096":{"Algo":"Argon2d4096","Name":"Myriad","Symbol":"XMY","Multi":true},"XMY-MyriadGroestl":{"Algo":"MyriadGroestl","Name":"Myriad","Symbol":"XMY","Multi":true},"XMY-Scrypt":{"Algo":"Scrypt","Name":"Myriad","Symbol":"XMY","Multi":true},"XMY-SHA256d":{"Algo":"SHA256d","Name":"Myriad","Symbol":"XMY","Multi":true},"XMY-yescrypt":{"Algo":"Yescrypt","Name":"Myriad","Symbol":"XMY","Multi":true},"XNA":{"Algo":"KawPOW","Name":"Neurai","Symbol":"XNA"},"XNC":{"Algo":"X11","Name":"Xenios","Symbol":"XNC"},"XOL":{"Algo":"RandomX","Name":"Xolentum","Symbol":"XOL"},"XPL":{"Algo":"Ethash","Name":"PowLayer","Symbol":"XPL"},"XPP":{"Algo":"CryptoNightFast","Name":"PrivatePay","Symbol":"XPP"},"XPW":{"Algo":"Ethash","Name":"PowLayer","Symbol":"XPW"},"XRC":{"Algo":"X13","Name":"Bitcoin Rhodium","Symbol":"XRC"},"XRD":{"Algo":"X16r","Name":"Raven Dark","Symbol":"XRD"},"XRG":{"Algo":"SHA256d","Name":"Ergon","Symbol":"XRG"},"XSC":{"Algo":"Blake2b","Name":"XSC","Symbol":"XSC"},"XSG":{"Algo":"Equihash24x5","Name":"Snowgem","Symbol":"XSG"},"XSH":{"Algo":"Scrypt","Name":"SHIELD","Symbol":"XSH","Multi":true},"XSHB":{"Algo":"Blake2s","Name":"SHIELD","Symbol":"XSHB"},"XSH-Blake2s":{"Algo":"Blake2s","Name":"SHIELD","Symbol":"XSH","Multi":true},"XSH-Lyra2RE2":{"Algo":"Lyra2RE2","Name":"SHIELD","Symbol":"XSH","Multi":true},"XSH-MyriadGroestl":{"Algo":"MyriadGroestl","Name":"SHIELD","Symbol":"XSH","Multi":true},"XSH-Scrypt":{"Algo":"Scrypt","Name":"SHIELD","Symbol":"XSH","Multi":true},"XSH-X16s":{"Algo":"X16s","Name":"SHIELD","Symbol":"XSH","Multi":true},"XSH-X17":{"Algo":"X17","Name":"SHIELD","Symbol":"XSH","Multi":true},"XSPC":{"Algo":"C11","Name":"Spectre","Symbol":"XSPC"},"XSR":{"Algo":"X16r","Name":"Sucrecoin","Symbol":"XSR"},"XTA":{"Algo":"Cuckaroo29i","Name":"Italo","Symbol":"XTA"},"XTM-Cuckaroo29":{"Algo":"Cuckaroo29","Name":"Tari","Symbol":"XTM","Multi":true},"XTM-RandomX":{"Algo":"RandomX","Name":"Tari","Symbol":"XTM","Multi":true},"XTM-SHA3x":{"Algo":"SHA3x","Name":"Tari","Symbol":"XTM","Multi":true},"XTNC":{"Algo":"Cuckaroo29s","Name":"XtendCash","Symbol":"XTNC"},"XUNI":{"Algo":"CryptoNightConceal","Name":"UltraNoteInf","Symbol":"XUNI"},"XVG-Blake2s":{"Algo":"Blake2s","Name":"Verge","Symbol":"XVG","Multi":true},"XVG-Lyra2RE2":{"Algo":"Lyra2RE2","Name":"Verge","Symbol":"XVG","Multi":true},"XVG-MyriadGroestl":{"Algo":"MyriadGroestl","Name":"Verge","Symbol":"XVG","Multi":true},"XVG-Scrypt":{"Algo":"Scrypt","Name":"Verge","Symbol":"XVG","Multi":true},"XVG-X17":{"Algo":"X17","Name":"VERGE","Symbol":"XVG","Multi":true},"XVP":{"Algo":"X11","Name":"Virtacoinplus","Symbol":"XVP"},"XWP":{"Algo":"Cuckaroo29s","Name":"Swap","Symbol":"XWP"},"XZC":{"Algo":"MTP","Name":"Firo","Symbol":"XZC"},"XZX":{"Algo":"NeoScrypt","Name":"Zixx","Symbol":"XZX"},"YCN":{"Algo":"SHA3d","Name":"Yilacoin","Symbol":"YCN"},"YDA":{"Algo":"RandomYada","Name":"YadaCoin","Symbol":"YDA"},"YEC":{"Algo":"Equihash24x7","Name":"Ycash","Symbol":"YEC"},"YERB":{"Algo":"Take2","Name":"Yerbas","Symbol":"YERB"},"YOC":{"Algo":"Ethash","Name":"Yocoin","Symbol":"YOC"},"YTN":{"Algo":"YespowerR16","Name":"Yenten","Symbol":"YTN"},"ZANO":{"Algo":"ProgPoWZ","Name":"Zano","Symbol":"ZANO"},"ZAP":{"Algo":"Ethash","Name":"Zap","Symbol":"ZAP"},"ZCH":{"Algo":"Equihash24x5","Name":"0cash","Symbol":"ZCH"},"ZCL":{"Algo":"Equihash24x7","Name":"Zclassic","Symbol":"ZCL"},"ZCR":{"Algo":"Lyra2z","Name":"Zcore","Symbol":"ZCR"},"ZEC":{"Algo":"Equihash","Name":"Zcash","Symbol":"ZEC"},"ZEL":{"Algo":"EquihashR25x4","Name":"Zelcash","Symbol":"ZEL"},"ZELS":{"Algo":"KawPOW","Name":"Zelantus","Symbol":"ZELS"},"ZEN":{"Algo":"Equihash","Name":"Zencash","Symbol":"ZEN"},"ZENX":{"Algo":"BalloonZenX","Name":"Zentoshi Coin","Symbol":"ZENX"},"ZENYX":{"Algo":"X11","Name":"Zenyx","Symbol":"ZENYX"},"ZEON":{"Algo":"Hex","Name":"Zeon","Symbol":"ZEON"},"ZEPH":{"Algo":"RandomX","Name":"Zephyr","Symbol":"ZEPH"},"ZER":{"Algo":"Equihash24x7","Name":"Zero","Symbol":"ZER"},"ZERC":{"Algo":"Equihash24x7","Name":"ZeroClassic","Symbol":"ZERC"},"ZIL":{"Algo":"Ethash","Name":"Zilliqa","Symbol":"ZIL"},"ZMY":{"Algo":"Argon2d250","Name":"Zumy","Symbol":"ZMY"},"ZNY":{"Algo":"YescryptR8","Name":"Bitzeny","Symbol":"ZNY"},"ZOC":{"Algo":"NeoScrypt","Name":"01Coin","Symbol":"ZOC"},"ZP":{"Algo":"ZenProtocol","Name":"ZenProtocol","Symbol":"ZP"},"ZTH":{"Algo":"Ethash","Name":"Zether","Symbol":"ZTH"},"ZTX":{"Algo":"XelisHash","Name":"Zytex","Symbol":"ZTX"},"ZUM":{"Algo":"CryptoNightTurtle","Name":"ZumCoin","Symbol":"ZUM"},"ZUR":{"Algo":"Quark","Name":"Zurcoin","Symbol":"ZUR"}}
