﻿{
    "Ryzen.+[123][1-9]00GE": 35,
    "Ryzen.+[123][2-7]00E": 45,
    "Ryzen.+[123][1-9]00[ G]": 65,
    "Ryzen.+[123][2-5]00X": 65,
    "Ryzen.+1[6-8]00X": 95,
    "Ryzen.+[23]600X": 95,
    "Ryzen.+PRO.+2700X": 95,
    "Ryzen.+2700X": 105,
    "Ryzen.+3700X": 65,
    "Ryzen.+3[89][05]0": 105,
    "Ryzen.+[12]9[025]0": 180,
    "Ryzen.+29[79]0": 250,
    "Ryzen.+39[679]0": 280,

    "FX.+9[0-9]{2}0": 220,
    "FX.+83[01]0": 95,
    "FX.+83[257]0E": 95,
    "FX.+83[256]0": 125,
    "FX.+8100": 95,
    "FX.+81[25]0": 125,
    "FX.+8100": 95,
    "FX.+63[0-9]{2}": 95,
    "FX.+6100": 95,
    "FX.+6200": 125,
    "FX.+4300": 95,
    "FX.+4350": 125,
    "FX.+4100": 95,
    "FX.+41[37]0": 125,

    "EPIC.+7351P": 170,
    "EPIC.+7401P": 170,
    "EPIC.+7551P": 180,
    "EPIC.+7251": 120,
    "EPIC.+7261": 170,
    "EPIC.+7281": 170,
    "EPIC.+7301": 170,
    "EPIC.+7351": 170,
    "EPIC.+7371": 180,
    "EPIC.+7401": 170,
    "EPIC.+7451": 180,
    "EPIC.+7501": 170,
    "EPIC.+7551": 180,
    "EPIC.+7601": 180,

    "EPYC.+7232P": 120,
    "EPYC.+7302P": 155,
    "EPYC.+7402P": 180,
    "EPYC.+7502P": 200,
    "EPYC.+7702P": 200,
    "EPYC.+7252": 120,
    "EPYC.+7262": 155,
    "EPYC.+7272": 120,
    "EPYC.+7282": 120,
    "EPYC.+7302": 155,
    "EPYC.+7352": 155,
    "EPYC.+7402": 180,
    "EPYC.+7452": 155,
    "EPYC.+7502": 180,
    "EPYC.+7532": 200,
    "EPYC.+7542": 225,
    "EPYC.+7552": 200,
    "EPYC.+7642": 225,
    "EPYC.+7662": 225,
    "EPYC.+7702": 200,
    "EPYC.+7742": 225,
    "EPYC.+7H12": 280,
    "EPYC.+7F32": 180,
    "EPYC.+7F52": 240,
    "EPYC.+7F72": 240,

    "EPYC.+3101": 35,
    "EPYC.+3151": 45,
    "EPYC.+3201": 30,
    "EPYC.+3251": 55,
    "EPYC.+3255": 55,
    "EPYC.+3301": 65,
    "EPYC.+3351": 80,
    "EPYC.+3401": 85,
    "EPYC.+3451": 100,

    "Intel.+Core.+i3-6100U": 15,
    "Intel.+Core.+i5-5257U": 28,
    "Intel.+Core.+i7-7500U": 15,
    "Intel.+Core.+i7-7560U": 15,
    "Intel.+Core.+i7-7567U": 28,
    "Intel.+Core.+i7-7600U": 15,
    "Intel.+Core.+i7-7660U": 15,

    "Intel.+Core.+i5-2500T": 45,
    "Intel.+Core.+i5-3570T": 45,
    "Intel.+Core.+i5-4670T": 45,
    "Intel.+Core.+i5-4690T": 45,
    "Intel.+Core.+i7-3770T": 45,
    "Intel.+Core.+i7-4770T": 45,
    "Intel.+Core.+i7-4790T": 45,

    "Intel.+Core.+i[357]-[1-9][0-9]{3}T": 35,
    "Intel.+Core.+i[57]-[1-9][0-9]{3}[CRS]": 65,

    "Intel.+Core.+i3-5[3456]0 ": 73,
    "Intel.+Core.+i3-21[0-9]{2}": 65,
    "Intel.+Core.+i3-32[0-9]{2}": 55,
    "Intel.+Core.+i3-4[13][0-9]{2}": 54,
    "Intel.+Core.+i3-60[0-9]{2}": 54,
    "Intel.+Core.+i3-6[13][0-9]{2}": 47,
    "Intel.+Core.+i3-7350K": 60,
    "Intel.+Core.+i3-7[13][0-9]0E": 54,
    "Intel.+Core.+i3-7[13][0-9]0": 51,
    "Intel.+Core.+i3-[89]100": 65,
    "Intel.+Core.+i3-[89]3[02]0": 62,
    "Intel.+Core.+i3-[89]350K": 91,

    "Intel.+Core.+i5-6[5678]0 ": 73,
    "Intel.+Core.+i5-661 ": 87,
    "Intel.+Core.+i5-7[56]0 ": 95,
    "Intel.+Core.+i5-750S": 82,
    "Intel.+Core.+i5-2[345][0-9]{2}": 95,
    "Intel.+Core.+i5-3350P": 69,
    "Intel.+Core.+i5-3[345][0-9]{2}": 77,
    "Intel.+Core.+i5-4690K": 89,
    "Intel.+Core.+i5-4[456][0-9]{2}": 84,
    "Intel.+Core.+i5-[67]600K": 91,
    "Intel.+Core.+i5-[89]600K": 95,
    "Intel.+Core.+i5-7640X": 112,
    "Intel.+Core.+i5-[6789][456][0-9]{2}": 65,

    "Intel.+Core.+i7-8[0-9]{2}[ K]": 95,
    "Intel.+Core.+i7-8[0-9]{2}S": 82,
    "Intel.+Core.+i7-9[0-9]{2}[ X]": 130,
    "Intel.+Core.+i7-2[67]00": 95,
    "Intel.+Core.+i7-3770": 77,
    "Intel.+Core.+i7-[34][89][236]0": 130,
    "Intel.+Core.+i7-3970": 150,
    "Intel.+Core.+i7-4790K": 88,
    "Intel.+Core.+i7-[67]700K": 91,
    "Intel.+Core.+i7-[89]700K": 95,
    "Intel.+Core.+i7-7740X": 112,
    "Intel.+Core.+i7-9800X": 165,
    "Intel.+Core.+i7-8086K": 95,
    "Intel.+Core.+i7-47[012567]0HQ": 47,
    "Intel.+Core.+i7-47[012]2HQ": 37,
    "Intel.+Core.+i7-48[567]0HQ": 47,
    "Intel.+Core.+i7-49[568]0HQ": 47,
    "Intel.+Core.+i7-4700EC": 43,
    "Intel.+Core.+i7-470[01]EQ": 47,
    "Intel.+Core.+i7-48[56]0EQ": 47,
    "Intel.+Core.+i7-4702EC": 27,
    "Intel.+Core.+i7-5700[EH]Q": 47,
    "Intel.+Core.+i7-5[789]50HQ": 47,
    "Intel.+Core.+i7-5850EQ": 47,
    "Intel.+Core.+i7-5557U": 28,
    "Intel.+Core.+i7-5[56][05]0U": 15,
    "Intel.+Core.+i7-67[07]0HQ": 45,
    "Intel.+Core.+i7-6820[EH][KQ]": 45,
    "Intel.+Core.+i7-6822EQ": 25,
    "Intel.+Core.+i7-6[89][27]0HQ": 45,
    "Intel.+Core.+i7-7700HQ": 45,
    "Intel.+Core.+i7-7[89]20H[KQ]": 45,
    "Intel.+Core.+i7-7820EQ": 45,
    "Intel.+Core.+i7-870[56]G": 65,
    "Intel.+Core.+i7-8[78]09G": 100,
    "Intel.+Core.+i7-9850HL": 25,
    "Intel.+Core.+i7-[89][78]50H": 45,
    "Intel.+Core.+i7-8700B": 65,
    "Intel.+Core.+i7-10[78]50H": 45,
    "Intel.+Core.+i7-1087[05]H": 45,
    "Intel.+Core.+i7-11[68]00H": 45,
    "Intel.+Core.+i7-118[50]0H": 45,
    "Intel.+Core.+i7-11700B": 65,
    "Intel.+Core.+i7-1137[05]H": 35,
    "Intel.+Core.+i7-11390H": 35,
    "Intel.+Core.+i7-12[68][05]0HX": 157,
    "Intel.+Core.+i7-12[678][05]0H": 115,
    "Intel.+Core.+i7-12[678]0P": 64,
    "Intel.+Core.+i7-12[56]5U": 55,
    "Intel.+Core.+i7-12[78]00HL": 65,
    "Intel.+Core.+i7-13[678][05]0HX": 157,
    "Intel.+Core.+i7-13620H": 115,
    "Intel.+Core.+i7-13[78]0[05]H": 115,
    "Intel.+Core.+i7-13[67]0P": 64,
    "Intel.+Core.+i7-13[56]5U": 55,
    "Intel.+Core.+i7-47[0-9]{2}": 84,
    "Intel.+Core.+i7-[567][89][0-9]{2}": 140,
    "Intel.+Core.+i7-[6789]7[0-9]{2}": 65,

    "Intel.+Core.+i9-79[02]0": 140,
    "Intel.+Core.+i9-9990": 255,
    "Intel.+Core.+i9-[79][89][0-9]{2}X": 165,
    "Intel.+Core.+i9-9900KS": 127,
    "Intel.+Core.+i9-9900K": 95,
    "Intel.+Core.+i9-9900": 65,
    "Intel.+Core.+i9-109[0-9]{2}": 165,

    "Intel.+Pentium.+G[0-9]{3,4}T": 35,
    "Intel.+Pentium.+G69[0-9]{2}": 73,
    "Intel.+Pentium.+G2[01][0-9]{2}": 55,
    "Intel.+Pentium.+G3[234][0-9]{2}": 53,
    "Intel.+Pentium.+G[68][0-9]{2} ": 65,
    "Intel.+Pentium.+G4400": 54,
    "Intel.+Pentium.+G4[56][02]0": 51,
    "Intel.+Pentium.+G4560": 54,
    "Intel.+Pentium.+G5[456][0-9]{2} ": 54,

    "Intel.+Pentium.+J2[89][05]0 ": 10,
    "Intel.+Pentium.+J3710 ": 6.5,
    "Intel.+Pentium.+J4205 ": 10,
    "Intel.+Pentium.+J4205 ": 10,
    "Intel.+Pentium.+J50[0-9]{2} ": 10,
    "Intel.+Pentium.+U5[46]00 ": 18,
    "Intel.+Pentium.+A1018 ": 35,
    "Intel.+Pentium.+20[23]0M ": 35,
    "Intel.+Pentium.+21[12]7U ": 17,
    "Intel.+Pentium.+2129Y ": 10,
    "Intel.+Pentium.+35[56]0M ": 37,
    "Intel.+Pentium.+355[68]U ": 15,
    "Intel.+Pentium.+356[01]Y ": 11.5,
    "Intel.+Pentium.+A1020 ": 10,
    "Intel.+Pentium.+N35[1234]0 ": 7.5,
    "Intel.+Pentium.+38[02]5U ": 15,
    "Intel.+Pentium.+N37[01]0 ": 6,
    "Intel.+Pentium.+4405U ": 15,
    "Intel.+Pentium.+4405Y ": 6,
    "Intel.+Pentium.+N4200 ": 6,
    "Intel.+Pentium.+N4200E ": 6,
    "Intel.+Pentium.+4415U ": 15,
    "Intel.+Pentium.+44[2][05]Y ": 6,
    "Intel.+Pentium.+N50[03]0 ": 6,
    "Intel.+Pentium.+4417U ": 15,
    "Intel.+Pentium.+5405U ": 15,
    "Intel.+Pentium.+N6000 ": 6,
    "Intel.+Pentium.+N6005 ": 10,
    "Intel.+Pentium.+6405U ": 15,
    "Intel.+Pentium.+6500Y ": 5,
    "Intel.+Pentium.+6805 ": 15,
    "Intel.+Pentium.+7505 ": 15,
    "Intel.+Pentium.+8500 ": 29,
    "Intel.+Pentium.+8505 ": 55,

    "Intel.+Pentium.+350 ": 15,
    "Intel.+Pentium.+140[37] ": 80,
    "Intel.+Pentium.+1405 ": 40,
    "Intel.+Pentium.+140[37] *v2 ": 80,
    "Intel.+Pentium.+1405 *v2 ": 40,
    "Intel.+Pentium.+D1507 ": 20,
    "Intel.+Pentium.+D1508 ": 25,
    "Intel.+Pentium.+D1509 ": 19,
    "Intel.+Pentium.+D151[79] ": 25,

    "Intel.+Pentium.+B9[12]5C ": 15,
    "Intel.+Pentium.+1405 *v2 ": 40,
    "Intel.+Pentium.+G[56]400E* ": 58,
    "Intel.+Pentium.+G5400E*T ": 38,
    "Intel.+Pentium.+N6415 ": 6.5,
    "Intel.+Pentium.+J6426 ": 10,
    "Intel.+Pentium.+G7400E* ": 46,
    "Intel.+Pentium.+G7400E*T ": 35
}