{"Probability":100,"Wallets":{"HeroMiners":{"QUAI":"0x00614a3306AC8549E5431F3D5dF947E20751fcc6","Worker":"mpx","DataWindow":"estimate_current","Penalty":0,"SSL":false},"Kryptex":{"Email":"info@rbminer.net","MiningUsername":"krxYDN3EQ4","Worker":"mpx","DataWindow":"estimate_current","Penalty":0,"SSL":false},"LuckyPool":{"ZANO":"ZxC3gbnaNJhXqczrRirFwqDPsgqSenxLAJ3r3NB2WQwY2yPjivEmvro63TBdQuU4Yc3PeAxf8MRPFc6qqfGQmnAt1Nqz31GYr","Worker":"mpx","DataWindow":"estimate_current","Penalty":0,"SSL":false},"MoneroOcean":{"XMR":"44UDqzf5aGZa5tis2BgJ3zLGhMttoQjPu1F5L1VtZGnAbKBao8h6enX1d9eop5p4HAPUv2xM4aLQjYy7cH1E1AnFSWmgNWQ","Worker":"mpx","DataWindow":"estimate_current","Password":"x","Penalty":0,"ExcludeAlgorithm":"Cuckaroo29s","SSL":false},"NiceHash":{"BTC":"3PfUUT1Tknfyd4SnYrEwwpUEAQEzWd2BuD","Worker":"mpx","DataWindow":"estimate_current","Penalty":0,"Platform":"v2","MaximumMarginOfError":"0","SSL":false},"ProHashing":{"Worker":"mpx","User":"rbm","StatAverageStable":"Day","Penalty":0,"AECurrency":"LTC","SSL":false},"Zpool":{"BTC":"3DxRETpBoXKrEBQxFb2HsPmG6apxHmKmUx","Worker":"mpx","DataWindow":"estimate_current","Penalty":12,"SSL":false},"Default":{"BTC":"3DxRETpBoXKrEBQxFb2HsPmG6apxHmKmUx","Worker":"mpx","User":"rbm","DataWindow":"estimate_current","Penalty":16,"SSL":false}},"Pools":["HeroMiners","Kryptex","LuckyPool","Nicehash","Zpool","MoneroOcean"],"Algorithm":[],"ExcludeMinerName":["GrinGoldMiner","GrinProMiner","NinjaRig","SwapMiner"]}