[{"Name":"GPU#00","Index":0,"PlatformId":0,"PlatformId_Index":0,"Type_PlatformId_Index":0,"Platform_Vendor":"NVIDIA","Vendor":"NVIDIA","Vendor_Name":"NVIDIA Corporation","Vendor_Index":0,"Type":"Gpu","Type_Index":0,"Type_Codec_Index":0,"Type_Mineable_Index":0,"Type_Vendor_Index":0,"BusId_Index":1,"BusId_Type_Index":1,"BusId_Type_Codec_Index":0,"BusId_Type_Vendor_Index":0,"BusId_Type_Mineable_Index":0,"BusId_Vendor_Index":0,"OpenCL":{"DeviceIndex":0,"Name":"NVIDIA GeForce GTX 1050 Ti","Architecture":"Pascal","Type":"Gpu","Vendor":"NVIDIA Corporation","GlobalMemSize":4294836224,"GlobalMemSizeGB":4,"MaxComputeUnits":6,"PlatformVersion":"OpenCL 3.0 CUDA 11.8.87","DriverVersion":"522.25","PCIBusId":"01:00","DeviceCapability":"6.1","CardId":-1},"Codec":"CUDA","Model":"GTX1050Ti","Model_Base":"GTX1050Ti","Model_Name":"GeForce GTX 1050 Ti","InstanceId":"PCI\\VEN_10DE\u0026DEV_1C8C\u0026SUBSYS_15E01043\u0026REV_A1\\4\u0026206BFE2D\u00260\u00260008","CardId":-1,"BusId":"01:00","SubId":"1C8C","IsLHR":false,"GpuGroup":"","Data":{"AdapterId":0,"Utilization":0,"UtilizationMem":0,"Clock":0,"ClockMem":0,"FanSpeed":0,"Temperature":0,"PowerDraw":0,"PowerLimit":0,"PowerLimitPercent":0,"PowerMaxLimit":0,"PowerDefaultLimit":0,"Pstate":"","Method":""},"DataMax":{"Clock":0,"ClockMem":0,"Temperature":0,"FanSpeed":0,"PowerDraw":0}},{"Name":"GPU#01","Index":1,"PlatformId":1,"PlatformId_Index":0,"Type_PlatformId_Index":0,"Platform_Vendor":"INTEL","Vendor":"INTEL","Vendor_Name":"Intel(R) Corporation","Vendor_Index":0,"Type":"Gpu","Type_Index":1,"Type_Codec_Index":0,"Type_Mineable_Index":1,"Type_Vendor_Index":0,"BusId_Index":0,"BusId_Type_Index":0,"BusId_Type_Codec_Index":0,"BusId_Type_Vendor_Index":0,"BusId_Type_Mineable_Index":0,"BusId_Vendor_Index":0,"OpenCL":{"DeviceIndex":0,"Name":"Intel(R) HD Graphics 630","Architecture":"Intel(R) HD Graphics 630","Type":"Gpu","Vendor":"Intel(R) Corporation","GlobalMemSize":3387662336,"GlobalMemSizeGB":3,"MaxComputeUnits":24,"PlatformVersion":"OpenCL 3.0 ","DriverVersion":"31.0.101.2111","PCIBusId":null,"DeviceCapability":null,"CardId":-1},"Codec":"OpenCL","Model":"HDGraphics630","Model_Base":"HDGraphics630","Model_Name":"HD Graphics 630","InstanceId":"PCI\\VEN_8086\u0026DEV_591B\u0026SUBSYS_15E01043\u0026REV_04\\3\u002611583659\u00260\u002610","CardId":-1,"BusId":"00:02","SubId":"591B","IsLHR":false,"GpuGroup":"","Data":{"AdapterId":0,"Utilization":0,"UtilizationMem":0,"Clock":0,"ClockMem":0,"FanSpeed":0,"Temperature":0,"PowerDraw":0,"PowerLimit":0,"PowerLimitPercent":0,"PowerMaxLimit":0,"PowerDefaultLimit":0,"Pstate":"","Method":""},"DataMax":{"Clock":0,"ClockMem":0,"Temperature":0,"FanSpeed":0,"PowerDraw":0}},{"Name":"CPU#00","Index":2,"Vendor":"INTEL","Vendor_Name":"GenuineIntel","Type_PlatformId_Index":0,"Type_Vendor_Index":0,"Type":"Cpu","Type_Index":0,"Type_Mineable_Index":0,"Type_Codec_Index":0,"Model":"CPU","Model_Base":"CPU","Model_Name":"Intel(R) Core(TM) i7-7700HQ CPU @ 2.80GHz","Features":["bmi2","adx","abm","avx","sse","avx2","ssse3","fma3","mmx","sse2","mpx","bmi1","sse42","x64","aes","sse3","rdrand","sse41"],"Data":{"Cores":4,"Threads":8,"CacheL3":6144,"Clock":0,"Utilization":43.0,"PowerDraw":19.37,"Temperature":0,"Method":"tdp"},"DataMax":{"Clock":0,"Utilization":43,"PowerDraw":19,"Temperature":0}}]
