﻿{
    "Arc Graphics":  {
                          "56a0":  "Arc A770",
                          "56a1":  "Arc A750",
                          "56a2":  "Arc A580",
                          "56a5":  "Arc A380",
                          "9a60":  "UHD Graphics 750",
                          "9a68":  "UHD Graphics 750",
                          "9a70":  "UHD Graphics 750",
                          "9bc5":  "UHD Graphics 770",
                          "9a40":  "Iris Xe Graphics",
                          "9a49":  "Iris Xe Graphics",
                          "46c0":  "UHD Graphics 730"
                      }
}