{"OneZeroMiner":["AMD","NVIDIA"],"Nqminer":["AMD","NVIDIA"],"CcminerTpruvot":["NVIDIA"],"Ethminer":["AMD","NVIDIA"],"Xmrig":["AMD","CPU","INTEL","NVIDIA","ARMCPU"],"Suprminer":["NVIDIA"],"TrexGTX19":["NVIDIA"],"CcminerMtp10":["NVIDIA"],"lolminer":["AMD","NVIDIA"],"CpuminerMulti":["CPU"],"SgminerXevan":["AMD"],"ProgPOWSeroAmd":["AMD"],"SrbMinerMulti094":["AMD"],"TTminer":["AMD","CPU","NVIDIA"],"CcminerDyn":["NVIDIA"],"CryptoDredge25":["NVIDIA"],"VertHash":["AMD","INTEL","NVIDIA"],"PhihashMiner":["AMD","NVIDIA"],"ProgPOWZAmd":["AMD"],"Phoenix":["AMD","NVIDIA"],"ProgPOWNvidia":["NVIDIA"],"WildRig0340":["AMD","NVIDIA"],"Cast":["AMD"],"XmrigCC":["AMD","CPU","INTEL","NVIDIA","ARMCPU"],"Sgminer":["AMD"],"CcminerRadiator":["NVIDIA"],"Gminer294":["AMD","NVIDIA"],"BzMiner":["AMD","CPU","INTEL","NVIDIA"],"Gminer234":["AMD","NVIDIA"],"CpuminerRplant":["CPU"],"CpuminerWyvern":["CPU"],"SgminerBitcore":["AMD"],"FiroPOWNvidia":[],"Nsfminer":["AMD","NVIDIA"],"MiniZ":["AMD","NVIDIA"],"Ewbf":["NVIDIA"],"EvrProgPOWNvidia":["NVIDIA"],"SrbMinerMulti":["AMD","CPU","INTEL","NVIDIA"],"Dynexsolve":["NVIDIA"],"Trex19":["NVIDIA"],"EnemyZealot":["NVIDIA"],"CpuminerPower":["CPU"],"SrbMinerMulti244":["AMD","CPU","NVIDIA"],"Nheqminer":["CPU"],"CpuminerTake2":["CPU"],"Trex":["NVIDIA"],"CpuminerOptBF":["CPU"],"NoncerProAMD":["AMD"],"Gminer255":["AMD","NVIDIA"],"SrbMinerMulti292":["AMD","CPU","INTEL","NVIDIA"],"SccMiner":["AMD","NVIDIA"],"CpuminerKudaraidee":["CPU","ARMCPU"],"NinjaRig":["AMD","CPU","NVIDIA"],"MeowPowMiner":["AMD","NVIDIA"],"SrbMinerMulti268":["AMD","CPU","INTEL","NVIDIA"],"CcminerAlexis78":["NVIDIA"],"CcminerMtp":["NVIDIA"],"WildRig":["AMD","INTEL","NVIDIA"],"CpuminerRKZ":["CPU"],"Nsgminer":["AMD"],"RhminerCpu":["CPU"],"CcminerAllium":["NVIDIA"],"SgminerMTP":["AMD"],"CpuminerArctichash":["CPU"],"ProgPOWEthercoreAmd":["AMD"],"Multiminer":["AMD","NVIDIA"],"CryptoDredge16":["NVIDIA"],"CpuminerVerium":["CPU"],"ClaymoreNeoscryptAmd":["AMD"],"Nanominer":["AMD","CPU","INTEL","NVIDIA"],"Teamred":["AMD"],"CcminerXaya":["NVIDIA"],"Gminer":["AMD","NVIDIA"],"FiroPOWAmd":[],"CryptoDredge":["NVIDIA"],"CcminerVerus":["NVIDIA"],"CcminerZP":["NVIDIA"],"SgminerDyn":["AMD"],"Rigel":["NVIDIA"],"CpuminerJayddee":["CPU","ARMCPU"],"SgminerFancyIX":["AMD","INTEL"],"SgminerTcr":["AMD"],"CpuminerEasy":["CPU"],"SrbMinerMulti239":["AMD","NVIDIA"],"CcminerBmw512":["NVIDIA"],"Teamblack":["AMD","INTEL","NVIDIA"],"CpuminerVerus":["CPU","ARMCPU"],"NoncerProNvidia":["NVIDIA"],"Gminer275":["AMD","NVIDIA"],"CcminerYescryptR8":["NVIDIA"],"CcminerXevan":["NVIDIA"],"ProgPOWAmd":["AMD"],"SgminerLyra2z":["AMD"],"CcminerKlausT":["NVIDIA"],"SgminerKl":["AMD"],"CcminerLyra2v3":["NVIDIA"],"CpuminerAurum":["CPU"],"SrbMiner":["AMD"],"ProgPOWEthercoreNvidia":["NVIDIA"],"ProgPOWSeroNvidia":["NVIDIA"],"CcminerLyra2z330":["NVIDIA"],"Xlarig":["CPU","ARMCPU"],"EwbfZcash":["NVIDIA"],"CcminerYescrypt":["NVIDIA"],"ProgPOWZNvidia":["NVIDIA"],"CcminerSha3d":["NVIDIA"],"WildRig0445":["AMD","INTEL","NVIDIA"]}