[{"MinerName":"BzMiner","FromVersion":"11.1.0","ToVersion":"12.0.0","Algorithm":["Ethash","KawPow","kHeavyHash","SHA512256d"]},{"MinerName":"BzMiner","FromVersion":"12.0.0","ToVersion":"12.0.1","Algorithm":["SHA512256d"]},{"MinerName":"BzMiner","FromVersion":"12.0.1","ToVersion":"12.0.2","Algorithm":["x"],"Driver":[{"Vendor":"NVIDIA","Arch":["Ada"],"FromVersion":null,"ToVersion":null,"Algorithm":["*"]}]},{"MinerName":"BzMiner","FromVersion":"12.0.2","ToVersion":"12.1.0","Algorithm":["x"],"Driver":[{"Vendor":"AMD","Arch":null,"FromVersion":null,"ToVersion":null,"Algorithm":["SHA512256d"]}]},{"MinerName":"BzMiner","FromVersion":"12.1.0","ToVersion":"12.1.1","Algorithm":["kHeavyHash","SHA512256d"]},{"MinerName":"BzMiner","FromVersion":"12.1.1","ToVersion":"12.2.0","Algorithm":["kHeavyHash"]},{"MinerName":"BzMiner","FromVersion":"12.2.1","ToVersion":"13.0.1","Algorithm":["x"]},{"MinerName":"BzMiner","FromVersion":"13.0.1","ToVersion":"13.0.3","Algorithm":["NexaPoW"]},{"MinerName":"BzMiner","FromVersion":"13.0.3","ToVersion":"13.1.1","Algorithm":["NexaPoW"]},{"MinerName":"BzMiner","FromVersion":"13.1.1","ToVersion":"13.2.1","Algorithm":["NexaPoW"]},{"MinerName":"BzMiner","FromVersion":"13.2.1","ToVersion":"13.3.0","Algorithm":["x"],"Driver":[{"Vendor":"AMD","Arch":null,"FromVersion":null,"ToVersion":null,"Algorithm":["NexaPow"]}]},{"MinerName":"BzMiner","FromVersion":"13.3.0","ToVersion":"13.4.0","Algorithm":["NexaPoW"]},{"MinerName":"BzMiner","FromVersion":"13.4.0","ToVersion":"14.0.2","Algorithm":["x"]},{"MinerName":"BzMiner","FromVersion":"14.0.2","ToVersion":"14.1.0","Algorithm":["kHeavyHash"]},{"MinerName":"BzMiner","FromVersion":"14.1.0","ToVersion":"14.1.1","Algorithm":["kHeavyHash","NexaPow","SHA512256d"]},{"MinerName":"BzMiner","FromVersion":"14.1.1","ToVersion":"14.2.0","Algorithm":["IronFish"]},{"MinerName":"BzMiner","FromVersion":"14.2.0","ToVersion":"14.2.1","Algorithm":["IronFish"]},{"MinerName":"BzMiner","FromVersion":"14.2.1","ToVersion":"14.2.2","Algorithm":["x"]},{"MinerName":"BzMiner","FromVersion":"14.2.2","ToVersion":"14.3.0","Algorithm":["IronFish"]},{"MinerName":"BzMiner","FromVersion":"14.3.0","ToVersion":"14.3.1","Algorithm":["IronFish"]},{"MinerName":"BzMiner","FromVersion":"14.3.1","ToVersion":"14.3.2","Algorithm":["x"]},{"MinerName":"BzMiner","FromVersion":"14.3.2","ToVersion":"15.0.0","Algorithm":["x"]},{"MinerName":"BzMiner","FromVersion":"15.0.0","ToVersion":"15.1.0","Algorithm":["x"]},{"MinerName":"BzMiner","FromVersion":"15.1.0","ToVersion":"15.2.1","Algorithm":["Autolykos2","Blake3IronFish","SHA512256d"]},{"MinerName":"BzMiner","FromVersion":"15.2.1","ToVersion":"15.3.0","Algorithm":["x"]},{"MinerName":"BzMiner","FromVersion":"15.3.0","ToVersion":"15.4.0","Algorithm":["x"]},{"MinerName":"BzMiner","FromVersion":"15.4.0","ToVersion":"15.4.1","Algorithm":["x"]},{"MinerName":"BzMiner","FromVersion":"15.4.1","ToVersion":"16.0.0","Algorithm":["x"]},{"MinerName":"BzMiner","FromVersion":"16.0.0","ToVersion":"16.0.1","Algorithm":["EthashB3"]},{"MinerName":"BzMiner","FromVersion":"16.0.1","ToVersion":"16.0.2","Algorithm":["Autolykos2","Etchash","Ethash2g","EthashB3"]},{"MinerName":"BzMiner","FromVersion":"16.0.2","ToVersion":"16.0.3","Algorithm":["EthashB3"]},{"MinerName":"BzMiner","FromVersion":"16.0.3","ToVersion":"17.0.0","Algorithm":["x"]},{"MinerName":"BzMiner","FromVersion":"17.0.0","ToVersion":"19.0.0","Algorithm":["DynexSolve"]},{"MinerName":"BzMiner","FromVersion":"19.0.0","ToVersion":"19.0.1","Algorithm":["x"],"Driver":[{"Vendor":"AMD","Arch":null,"FromVersion":null,"ToVersion":null,"Algorithm":["KarlsenHash"]}]},{"MinerName":"BzMiner","FromVersion":"19.0.1","ToVersion":"19.2.0","Algorithm":["DynexSolve"],"Driver":[{"Vendor":"NVIDIA","Arch":null,"FromVersion":null,"ToVersion":null,"Algorithm":["NexaPoW"]}]},{"MinerName":"BzMiner","FromVersion":"19.2.0","ToVersion":"19.2.1","Algorithm":["DynexSolve"]},{"MinerName":"BzMiner","FromVersion":"19.2.1","ToVersion":"19.2.3","Algorithm":["DynexSolve"]},{"MinerName":"BzMiner","FromVersion":"19.2.3","ToVersion":"19.2.4","Algorithm":["DynexSolve"]},{"MinerName":"BzMiner","FromVersion":"19.2.4","ToVersion":"19.3.0","Algorithm":["x"]},{"MinerName":"BzMiner","FromVersion":"19.3.0","ToVersion":"19.3.1","Algorithm":["DynexSolve"]},{"MinerName":"BzMiner","FromVersion":"19.3.1","ToVersion":"21.1.1","Algorithm":["x"]},{"MinerName":"BzMiner","FromVersion":"21.1.1","ToVersion":"21.1.5","Algorithm":["x"]},{"MinerName":"BzMiner","FromVersion":"21.1.5","ToVersion":"21.2.0","Algorithm":["DynexSolve"]},{"MinerName":"BzMiner","FromVersion":"21.2.0","ToVersion":"21.4.0","Algorithm":["x"]},{"MinerName":"BzMiner","FromVersion":"21.4.0","ToVersion":"21.5.0","Algorithm":["x"]},{"MinerName":"BzMiner","FromVersion":"21.5.0","ToVersion":"21.5.1","Algorithm":["x"]},{"MinerName":"BzMiner","FromVersion":"21.5.1","ToVersion":"21.5.3","Algorithm":["x"]},{"MinerName":"BzMiner","FromVersion":"21.5.3","ToVersion":"22.0.0","Algorithm":["x"]},{"MinerName":"BzMiner","FromVersion":"22.0.0","ToVersion":"23.0.2","Algorithm":["x"]},{"MinerName":"CcminerKlausT","FromVersion":"8.26x2","ToVersion":"8.26x3","Algorithm":["NeoScryptXaya"]},{"MinerName":"CpuminerJayddee","FromVersion":"3.20.2","ToVersion":"3.20.3","Algorithm":["Anime","C11","HMQ1725"]},{"MinerName":"CpuminerJayddee","FromVersion":"3.20.3","ToVersion":"3.21.0","Algorithm":["MinotaurX"]},{"MinerName":"CpuminerJayddee","FromVersion":"3.21.0","ToVersion":"3.21.1","Algorithm":["x"]},{"MinerName":"CpuminerJayddee","FromVersion":"3.21.1","ToVersion":"3.21.2","Algorithm":["ScryptN2","Yescrypt","YescryptR16","YescryptR8g","Yespower","Yespower2b","YespowerIC","YespowerIOTS","YespowerLITB","YespowerLTNCG","YespowerSUGAR","YespowerURX"]},{"MinerName":"CpuminerJayddee","FromVersion":"3.21.2","ToVersion":"3.21.5","Algorithm":["x"]},{"MinerName":"CpuminerJayddee","FromVersion":"3.21.5","ToVersion":"3.22.0","Algorithm":["x"]},{"MinerName":"CpuminerJayddee","FromVersion":"3.22.0","ToVersion":"3.22.1","Algorithm":["x"]},{"MinerName":"CpuminerJayddee","FromVersion":"3.22.1","ToVersion":"3.22.2","Algorithm":["x"]},{"MinerName":"CpuminerJayddee","FromVersion":"3.22.2","ToVersion":"3.23.0","Algorithm":["x"]},{"MinerName":"CpuminerJayddee","FromVersion":"3.23.0","ToVersion":"3.23.1","Algorithm":["SHA256dt"]},{"MinerName":"CpuminerJayddee","FromVersion":"3.23.1","ToVersion":"3.23.2","Algorithm":["SHA256d","SHA256t","SHA256dt"]},{"MinerName":"CpuminerJayddee","FromVersion":"3.23.2","ToVersion":"3.23.3","Algorithm":["x"]},{"MinerName":"CpuminerJayddee","FromVersion":"3.23.3","ToVersion":"23.5","Algorithm":["x"]},{"MinerName":"CpuminerJayddee","FromVersion":"23.5","ToVersion":"23.6","Algorithm":["x"]},{"MinerName":"CpuminerJayddee","FromVersion":"23.6","ToVersion":"23.7","Algorithm":["Blake2s"]},{"MinerName":"CpuminerJayddee","FromVersion":"23.7","ToVersion":"23.8","Algorithm":["x"]},{"MinerName":"CpuminerJayddee","FromVersion":"23.8","ToVersion":"23.9","Algorithm":["MinotaurX"]},{"MinerName":"CpuminerJayddee","FromVersion":"23.9","ToVersion":"23.10","Algorithm":["Scrypt","ScryptN2","SHA512256d","Skein2"]},{"MinerName":"CpuminerJayddee","FromVersion":"23.10","ToVersion":"23.11","Algorithm":["HMQ1725","X25x"]},{"MinerName":"CpuminerJayddee","FromVersion":"23.11","ToVersion":"23.13","Algorithm":["X16r","X16rv2","X21s","X22i","X25x"]},{"MinerName":"CpuminerJayddee","FromVersion":"23.13","ToVersion":"23.14","Algorithm":["x"]},{"MinerName":"CpuminerJayddee","FromVersion":"23.14","ToVersion":"23.15","Algorithm":["x"]},{"MinerName":"CpuminerJayddee","FromVersion":"23.15","ToVersion":"24.2","Algorithm":["x"]},{"MinerName":"CpuminerJayddee","FromVersion":"24.2","ToVersion":"24.3","Algorithm":["Verthash"]},{"MinerName":"CpuminerJayddee","FromVersion":"24.3","ToVersion":"24.4","Algorithm":["x"]},{"MinerName":"CpuminerJayddee","FromVersion":"24.4","ToVersion":"24.6","Algorithm":["ScryptN2"]},{"MinerName":"CpuminerJayddee","FromVersion":"24.6","ToVersion":"25.1","Algorithm":["x"]},{"MinerName":"CpuminerJayddee","FromVersion":"25.1","ToVersion":"25.3","Algorithm":["x"]},{"MinerName":"CpuminerJayddee","FromVersion":"25.3","ToVersion":"25.4","Algorithm":["x"]},{"MinerName":"CpuminerJayddee","FromVersion":"25.4","ToVersion":"25.5","Algorithm":["SHA256d","SHA256dt"]},{"MinerName":"CpuminerJayddee","FromVersion":"25.5","ToVersion":"25.6","Algorithm":["Shavite3"]},{"MinerName":"CpuminerJayddee","FromVersion":"25.6","ToVersion":"25.7","Algorithm":["Argon2d1000","Argon2d16000","Argon2d250","Argon2dDyn","Argon2d4096"]},{"MinerName":"CpuminerJayddee","FromVersion":"25.7","ToVersion":"26.1","Algorithm":["Scrypt"]},{"MinerName":"CpuminerRplant","FromVersion":"5.0.29","ToVersion":"5.0.33a","Algorithm":["x"]},{"MinerName":"CpuminerRplant","FromVersion":"5.0.33a","ToVersion":"5.0.36","Algorithm":["x"]},{"MinerName":"CpuminerRplant","FromVersion":"5.0.36","ToVersion":"5.0.40","Algorithm":["x"]},{"MinerName":"CpuminerRplant","FromVersion":"5.0.40","ToVersion":"5.0.41","Algorithm":["x"]},{"MinerName":"CpuminerRplant","FromVersion":"5.0.41","ToVersion":"5.0.42","Algorithm":["x"]},{"MinerName":"CpuminerRplant","FromVersion":"5.0.42","ToVersion":"5.0.45","Algorithm":["x"]},{"MinerName":"CpuminerRplant","FromVersion":"5.0.45","ToVersion":"5.0.46","Algorithm":["x"]},{"MinerName":"Gminer","FromVersion":"3.06","ToVersion":"3.07","Algorithm":["Autolykos2"]},{"MinerName":"Gminer","FromVersion":"3.07","ToVersion":"3.08","Algorithm":["kHeavyHash"]},{"MinerName":"Gminer","FromVersion":"3.08","ToVersion":"3.10","Algorithm":["Autolykos2"],"Driver":[{"Vendor":"NVIDIA","Arch":["Ada"],"FromVersion":null,"ToVersion":null,"Algorithm":["*"]}]},{"MinerName":"Gminer","FromVersion":"3.10","ToVersion":"3.11","Algorithm":["Autolykos2"]},{"MinerName":"Gminer","FromVersion":"3.11","ToVersion":"3.13","Algorithm":["BeamHash3","kHeavyHash"]},{"MinerName":"Gminer","FromVersion":"3.13","ToVersion":"3.14","Algorithm":["kHeavyHash"]},{"MinerName":"Gminer","FromVersion":"3.14","ToVersion":"3.15","Algorithm":["x"]},{"MinerName":"Gminer","FromVersion":"3.15","ToVersion":"3.16","Algorithm":["kHeavyHash"]},{"MinerName":"Gminer","FromVersion":"3.16","ToVersion":"3.17","Algorithm":["kHeavyHash"]},{"MinerName":"Gminer","FromVersion":"3.17","ToVersion":"3.18","Algorithm":["kHeavyHash"]},{"MinerName":"Gminer","FromVersion":"3.18","ToVersion":"3.19","Algorithm":["kHeavyHash"],"Driver":[{"Vendor":"NVIDIA","Arch":["Pascal","Turing"],"FromVersion":null,"ToVersion":null,"Algorithm":["Autolykos2"]}]},{"MinerName":"Gminer","FromVersion":"3.19","ToVersion":"3.20","Algorithm":["kHeavyHash"]},{"MinerName":"Gminer","FromVersion":"3.20","ToVersion":"3.21","Algorithm":["x"]},{"MinerName":"Gminer","FromVersion":"3.21","ToVersion":"3.22","Algorithm":["x"]},{"MinerName":"Gminer","FromVersion":"3.22","ToVersion":"3.24","Algorithm":["x"]},{"MinerName":"Gminer","FromVersion":"3.24","ToVersion":"3.26","Algorithm":["x"]},{"MinerName":"Gminer","FromVersion":"3.26","ToVersion":"3.27","Algorithm":["x"]},{"MinerName":"Gminer","FromVersion":"3.27","ToVersion":"3.28","Algorithm":["x"]},{"MinerName":"Gminer","FromVersion":"3.28","ToVersion":"3.30","Algorithm":["x"]},{"MinerName":"Gminer","FromVersion":"3.30","ToVersion":"3.31","Algorithm":["Octopus"]},{"MinerName":"Gminer","FromVersion":"3.31","ToVersion":"3.32","Algorithm":["kHeavyHash"]},{"MinerName":"Gminer","FromVersion":"3.32","ToVersion":"3.33","Algorithm":["x"]},{"MinerName":"Gminer","FromVersion":"3.33","ToVersion":"3.34","Algorithm":["x"]},{"MinerName":"Gminer","FromVersion":"3.34","ToVersion":"3.35","Algorithm":["x"],"Driver":[{"Vendor":"NVIDIA","Arch":["Turing"],"FromVersion":null,"ToVersion":null,"Algorithm":["SHA512256d"]}]},{"MinerName":"Gminer","FromVersion":"3.35","ToVersion":"3.36","Algorithm":["x"],"Driver":[{"Vendor":"NVIDIA","Arch":["Pascal"],"FromVersion":null,"ToVersion":null,"Algorithm":["SHA512256d"]}]},{"MinerName":"Gminer","FromVersion":"3.36","ToVersion":"3.37","Algorithm":["x"]},{"MinerName":"Gminer","FromVersion":"3.37","ToVersion":"3.38","Algorithm":["x"]},{"MinerName":"Gminer","FromVersion":"3.38","ToVersion":"3.39","Algorithm":["x"]},{"MinerName":"Gminer","FromVersion":"3.39","ToVersion":"3.40","Algorithm":["Blake3IronFish"]},{"MinerName":"Gminer","FromVersion":"3.40","ToVersion":"3.41","Algorithm":["x"]},{"MinerName":"Gminer","FromVersion":"3.41","ToVersion":"3.42","Algorithm":["x"]},{"MinerName":"Gminer","FromVersion":"3.42","ToVersion":"3.43","Algorithm":["x"]},{"MinerName":"Lolminer","FromVersion":"1.59a","ToVersion":"1.60","Algorithm":["EquihashR25x4","kHeavyHash"]},{"MinerName":"Lolminer","FromVersion":"1.60","ToVersion":"1.61","Algorithm":["BeamHash3","EquihashR25x4"]},{"MinerName":"Lolminer","FromVersion":"1.61","ToVersion":"1.62","Algorithm":["x"],"Driver":[{"Vendor":"NVIDIA","Arch":null,"FromVersion":null,"ToVersion":null,"Algorithm":["kHeavyHash"]}]},{"MinerName":"Lolminer","FromVersion":"1.62","ToVersion":"1.63","Algorithm":["x"],"Driver":[{"Vendor":"NVIDIA","Arch":["Turing","Ampere","Ada"],"FromVersion":null,"ToVersion":null,"Algorithm":["kHeavyHash"]}]},{"MinerName":"Lolminer","FromVersion":"1.63","ToVersion":"1.64","Algorithm":["kHeavyHash"]},{"MinerName":"Lolminer","FromVersion":"1.64","ToVersion":"1.65a","Algorithm":["kHeavyHash"]},{"MinerName":"Lolminer","FromVersion":"1.65a","ToVersion":"1.66","Algorithm":["x"]},{"MinerName":"Lolminer","FromVersion":"1.66","ToVersion":"1.67","Algorithm":["NexaPoW"]},{"MinerName":"Lolminer","FromVersion":"1.67","ToVersion":"1.68","Algorithm":["NexaPoW"]},{"MinerName":"Lolminer","FromVersion":"1.68","ToVersion":"1.69","Algorithm":["x"],"Driver":[{"Vendor":"AMD","Arch":["GCN50","GCN51","RDNA1","RDNA2","RDNA3"],"FromVersion":null,"ToVersion":null,"Algorithm":["NexaPow"]}]},{"MinerName":"Lolminer","FromVersion":"1.69","ToVersion":"1.71","Algorithm":["NexaPoW"]},{"MinerName":"Lolminer","FromVersion":"1.71","ToVersion":"1.72","Algorithm":["NexaPoW"]},{"MinerName":"Lolminer","FromVersion":"1.72","ToVersion":"1.73","Algorithm":["kHeavyHash","NexaPoW"]},{"MinerName":"Lolminer","FromVersion":"1.73","ToVersion":"1.75","Algorithm":["Blake3IronFish"]},{"MinerName":"Lolminer","FromVersion":"1.75","ToVersion":"1.76","Algorithm":["x"],"Driver":[{"Vendor":"NVIDIA","Arch":null,"FromVersion":null,"ToVersion":null,"Algorithm":["Blake3Alephium","Blake3IronFish"]}]},{"MinerName":"Lolminer","FromVersion":"1.76","ToVersion":"1.76a","Algorithm":["x"]},{"MinerName":"Lolminer","FromVersion":"1.76a","ToVersion":"1.77b","Algorithm":["Cuckaroo30","Ethash2g"]},{"MinerName":"Lolminer","FromVersion":"1.77b","ToVersion":"1.78a","Algorithm":["x"]},{"MinerName":"Lolminer","FromVersion":"1.78a","ToVersion":"1.79","Algorithm":["KarlsenHash"]},{"MinerName":"Lolminer","FromVersion":"1.79","ToVersion":"1.80","Algorithm":["x"],"Driver":[{"Vendor":"AMD","Arch":null,"FromVersion":null,"ToVersion":null,"Algorithm":["KarlsenHash"]}]},{"MinerName":"Lolminer","FromVersion":"1.80","ToVersion":"1.80a","Algorithm":["x"],"Driver":[{"Vendor":"NVIDIA","Arch":null,"FromVersion":null,"ToVersion":null,"Algorithm":["Blake3Alephium","EthashB3","Blake3IronFish","KarlsenHash","NexaPoW","SHA512256d"]}]},{"MinerName":"Lolminer","FromVersion":"1.80a","ToVersion":"1.81","Algorithm":["x"],"Driver":[{"Vendor":"AMD","Arch":["RDNA1"],"FromVersion":null,"ToVersion":null,"Algorithm":["EthashB3"]}]},{"MinerName":"Lolminer","FromVersion":"1.81","ToVersion":"1.82","Algorithm":["Blake3Alephium","HeavyhashPyrin"]},{"MinerName":"Lolminer","FromVersion":"1.82","ToVersion":"1.82a","Algorithm":["x"],"Driver":[{"Vendor":"NVIDIA","Arch":["Pascal","Turing"],"FromVersion":null,"ToVersion":null,"Algorithm":["HeavyhashPyrin"]}]},{"MinerName":"Lolminer","FromVersion":"1.82a","ToVersion":"1.84","Algorithm":["x"]},{"MinerName":"Lolminer","FromVersion":"1.84","ToVersion":"1.86","Algorithm":["SHA512256d"]},{"MinerName":"Lolminer","FromVersion":"1.86","ToVersion":"1.88","Algorithm":["FishHash","HeavyHashPyrin"]},{"MinerName":"Lolminer","FromVersion":"1.88","ToVersion":"1.89","Algorithm":["Autolykos2"]},{"MinerName":"Lolminer","FromVersion":"1.89","ToVersion":"1.90","Algorithm":["x"],"Driver":[{"Vendor":"NVIDIA","Arch":["Pascal"],"FromVersion":null,"ToVersion":null,"Algorithm":["FishHash"]}]},{"MinerName":"Lolminer","FromVersion":"1.90","ToVersion":"1.91","Algorithm":["x"]},{"MinerName":"Lolminer","FromVersion":"1.91","ToVersion":"1.93","Algorithm":["x"],"Driver":[{"Vendor":"AND","Arch":["RDNA1","RDNA2","RDNA3"],"FromVersion":null,"ToVersion":null,"Algorithm":["Octopus"]}]},{"MinerName":"Lolminer","FromVersion":"1.93","ToVersion":"1.94","Algorithm":["x"]},{"MinerName":"Lolminer","FromVersion":"1.94","ToVersion":"1.94a","Algorithm":["x"],"Driver":[{"Vendor":"AND","Arch":["RDNA3"],"FromVersion":null,"ToVersion":null,"Algorithm":["EtcHash","Ethash"]},{"Vendor":"NVIDIA","Arch":null,"FromVersion":null,"ToVersion":null,"Algorithm":["Octopus"]}]},{"MinerName":"Lolminer","FromVersion":"1.94a","ToVersion":"1.95","Algorithm":["x"],"Driver":[{"Vendor":"AMD","Arch":["RDNA4"],"FromVersion":null,"ToVersion":null,"Algorithm":["Autolykos2","BeamHash3","Cuckatoo32","Cuckaroo30","Etchash","Ethash","Equihash24x5","FishHash","EquihashR25x4","Karlselhashv2","NexaPoW","Octopus"]},{"Vendor":"NVIDIA","Arch":null,"FromVersion":null,"ToVersion":null,"Algorithm":["Octopus"]}]},{"MinerName":"Lolminer","FromVersion":"1.95","ToVersion":"1.95a","Algorithm":["Octopus"]},{"MinerName":"Lolminer","FromVersion":"1.95a","ToVersion":"1.97","Algorithm":["SHA3x"]},{"MinerName":"Lolminer","FromVersion":"1.97","ToVersion":"1.98","Algorithm":["x"]},{"MinerName":"Lolminer","FromVersion":"1.98","ToVersion":"1.98a","Algorithm":["Cuckaroo29","Octopus"]},{"MinerName":"MiniZ","FromVersion":"1.8z3","ToVersion":"1.9z4","Algorithm":["Equihash16x5","Equihash21x9","EquihashR25x4","EquihashR25x5","KawPoW","Octopus","UbqHash"]},{"MinerName":"MiniZ","FromVersion":"1.8z4","ToVersion":"1.9z5b","Algorithm":["x"],"Driver":[{"Vendor":"AMD","Arch":null,"FromVersion":null,"ToVersion":null,"Algorithm":["Equihash24x5","EquihashR25x4"]}]},{"MinerName":"MiniZ","FromVersion":"1.9z5b","ToVersion":"2.0c","Algorithm":["x"],"Driver":[{"Vendor":"NVIDIA","Arch":["Ampere"],"FromVersion":null,"ToVersion":null,"Algorithm":["Equihash24x7"]}]},{"MinerName":"MiniZ","FromVersion":"2.0c","ToVersion":"2.0c3","Algorithm":["x"],"Driver":[{"Vendor":"NVIDIA","Arch":["Ampere"],"FromVersion":null,"ToVersion":null,"Algorithm":["Equihash24x7"]}]},{"MinerName":"MiniZ","FromVersion":"2.0c3","ToVersion":"2.0c4","Algorithm":["Octopus"]},{"MinerName":"MiniZ","FromVersion":"2.0c4","ToVersion":"2.0c5","Algorithm":["x"]},{"MinerName":"MiniZ","FromVersion":"2.0c5","ToVersion":"2.1c","Algorithm":["x"]},{"MinerName":"MiniZ","FromVersion":"2.1c","ToVersion":"2.2c","Algorithm":["x"]},{"MinerName":"MiniZ","FromVersion":"2.2c","ToVersion":"2.3c","Algorithm":["x"]},{"MinerName":"MiniZ","FromVersion":"2.3c","ToVersion":"2.4d","Algorithm":["KarlsenHash","PyrinHash"]},{"MinerName":"MiniZ","FromVersion":"2.4d","ToVersion":"2.4e","Algorithm":["x"]},{"MinerName":"MiniZ","FromVersion":"2.4e","ToVersion":"2.5e","Algorithm":["x"]},{"MinerName":"MiniZ","FromVersion":"2.5e","ToVersion":"2.5e2","Algorithm":["x"],"Driver":[{"Vendor":"NVIDIA","Arch":["Blackwell"],"FromVersion":null,"ToVersion":null,"Algorithm":["*"]}]},{"MinerName":"MiniZ","FromVersion":"2.5e2","ToVersion":"2.5e3","Algorithm":["Equihash24x7","Ethash","KawPoW","ProgPowSero","ProgPowVeil","ProgPowZ"]},{"MinerName":"Nanominer","FromVersion":"3.7.2","ToVersion":"3.7.3","Algorithm":["VerusHash"]},{"MinerName":"Nanominer","FromVersion":"3.7.3","ToVersion":"3.7.4","Algorithm":["x"],"Driver":[{"Vendor":"INTEL","Arch":null,"FromVersion":null,"ToVersion":null,"Algorithm":["Ethash"]},{"Vendor":"NVIDIA","Arch":null,"FromVersion":"522.25","ToVersion":null,"Algorithm":["*"]}]},{"MinerName":"Nanominer","FromVersion":"3.7.4","ToVersion":"3.7.5","Algorithm":["x"],"Driver":[{"Vendor":"INTEL","Arch":null,"FromVersion":null,"ToVersion":null,"Algorithm":["FiroPow","KawPow","ProgPow"]}]},{"MinerName":"Nanominer","FromVersion":"3.7.5","ToVersion":"3.7.6","Algorithm":["EvrProgPow"]},{"MinerName":"Nanominer","FromVersion":"3.7.6","ToVersion":"3.7.7","Algorithm":["x"],"Driver":[{"Vendor":"AMD","Arch":["RDNA3"],"FromVersion":null,"ToVersion":null,"Algorithm":["*"]}]},{"MinerName":"Nanominer","FromVersion":"3.7.7","ToVersion":"3.8.0","Algorithm":["x"]},{"MinerName":"Nanominer","FromVersion":"3.8.0","ToVersion":"3.8.3","Algorithm":["x"],"Driver":[{"Vendor":"AMD","Arch":["RDNA3"],"FromVersion":null,"ToVersion":null,"Algorithm":["kHeavyHash"]}]},{"MinerName":"Nanominer","FromVersion":"3.8.3","ToVersion":"3.8.4","Algorithm":["x"],"Driver":[{"Vendor":"AMD","Arch":["RDNA3"],"FromVersion":null,"ToVersion":null,"Algorithm":["EtcHash","Ethash","UbqHash","EvrProgPow","FiroPow","KawPow","Octopus"]}]},{"MinerName":"Nanominer","FromVersion":"3.8.4","ToVersion":"3.8.5","Algorithm":["x"],"Driver":[{"Vendor":"AMD","Arch":["RDNA3"],"FromVersion":null,"ToVersion":null,"Algorithm":["Octopus"]}]},{"MinerName":"Nanominer","FromVersion":"3.8.5","ToVersion":"3.8.6","Algorithm":["x"]},{"MinerName":"Nanominer","FromVersion":"3.8.6","ToVersion":"3.8.7","Algorithm":["x"]},{"MinerName":"Nanominer","FromVersion":"3.8.7","ToVersion":"3.8.8","Algorithm":["x"]},{"MinerName":"Nanominer","FromVersion":"3.8.8","ToVersion":"3.8.9","Algorithm":["x"]},{"MinerName":"Nanominer","FromVersion":"3.8.9","ToVersion":"3.8.10","Algorithm":["x"]},{"MinerName":"Nanominer","FromVersion":"3.8.10","ToVersion":"3.8.11","Algorithm":["x"]},{"MinerName":"Nanominer","FromVersion":"3.8.11","ToVersion":"3.8.12","Algorithm":["KawPOW"]},{"MinerName":"Nanominer","FromVersion":"3.8.12","ToVersion":"3.9.0","Algorithm":["x"]},{"MinerName":"Nanominer","FromVersion":"3.9.0","ToVersion":"3.9.1","Algorithm":["x"]},{"MinerName":"Nanominer","FromVersion":"3.9.1","ToVersion":"3.9.2","Algorithm":["x"],"Driver":[{"Vendor":"AMD","Arch":["RDNA1"],"FromVersion":null,"ToVersion":null,"Algorithm":["FishHash"]},{"Vendor":"NVIDIA","Arch":null,"FromVersion":null,"ToVersion":null,"Algorithm":["FiroPow","KawPow"]}]},{"MinerName":"Nanominer","FromVersion":"3.9.2","ToVersion":"3.9.3","Algorithm":["x"]},{"MinerName":"Nanominer","FromVersion":"3.9.3","ToVersion":"3.10.0","Algorithm":["x"]},{"MinerName":"OneZeroMiner","FromVersion":"1.2.3","ToVersion":"1.2.4","Algorithm":["x"]},{"MinerName":"OneZeroMiner","FromVersion":"1.2.4","ToVersion":"1.2.5","Algorithm":["x"]},{"MinerName":"OneZeroMiner","FromVersion":"1.2.5","ToVersion":"1.2.6","Algorithm":["DynexSolve"]},{"MinerName":"OneZeroMiner","FromVersion":"1.2.6","ToVersion":"1.2.7","Algorithm":["DynexSolve"]},{"MinerName":"OneZeroMiner","FromVersion":"1.2.7","ToVersion":"1.3.0","Algorithm":["DynexSolve"]},{"MinerName":"OneZeroMiner","FromVersion":"1.3.0","ToVersion":"1.3.3","Algorithm":["x"]},{"MinerName":"OneZeroMiner","FromVersion":"1.3.3","ToVersion":"1.3.4","Algorithm":["DynexSolve","XelisHash"]},{"MinerName":"OneZeroMiner","FromVersion":"1.3.4","ToVersion":"1.3.5","Algorithm":["x"]},{"MinerName":"OneZeroMiner","FromVersion":"1.3.5","ToVersion":"1.3.6","Algorithm":["XelisHashV2"]},{"MinerName":"OneZeroMiner","FromVersion":"1.3.6","ToVersion":"1.3.7","Algorithm":["XelisHashV2"]},{"MinerName":"OneZeroMiner","FromVersion":"1.3.7","ToVersion":"1.4.2","Algorithm":["x"]},{"MinerName":"OneZeroMiner","FromVersion":"1.4.2","ToVersion":"1.4.3","Algorithm":["XelisHashV2"]},{"MinerName":"OneZeroMiner","FromVersion":"1.4.3","ToVersion":"1.4.4","Algorithm":["x"]},{"MinerName":"OneZeroMiner","FromVersion":"1.4.4","ToVersion":"1.4.5","Algorithm":["x"],"Driver":[{"Vendor":"NVIDIA","Arch":null,"FromVersion":null,"ToVersion":null,"Algorithm":["XelisHashV2"]}]},{"MinerName":"OneZeroMiner","FromVersion":"1.4.5","ToVersion":"1.4.6","Algorithm":["x"]},{"MinerName":"OneZeroMiner","FromVersion":"1.4.6","ToVersion":"1.4.8","Algorithm":["Qhash"]},{"MinerName":"OneZeroMiner","FromVersion":"1.4.8","ToVersion":"1.4.9","Algorithm":["Qhash"]},{"MinerName":"OneZeroMiner","FromVersion":"1.4.9","ToVersion":"1.5.1","Algorithm":["Qhash"]},{"MinerName":"OneZeroMiner","FromVersion":"1.5.1","ToVersion":"1.5.2","Algorithm":["Qhash"]},{"MinerName":"OneZeroMiner","FromVersion":"1.5.2","ToVersion":"1.5.3","Algorithm":["Qhash"]},{"MinerName":"OneZeroMiner","FromVersion":"1.5.3","ToVersion":"1.5.4","Algorithm":["Qhash"]},{"MinerName":"OneZeroMiner","FromVersion":"1.5.4","ToVersion":"1.5.5","Algorithm":["Qhash"]},{"MinerName":"OneZeroMiner","FromVersion":"1.5.5","ToVersion":"1.5.6","Algorithm":["Qhash"]},{"MinerName":"OneZeroMiner","FromVersion":"1.5.5","ToVersion":"1.5.6","Algorithm":["Qhash"]},{"MinerName":"OneZeroMiner","FromVersion":"1.5.6","ToVersion":"1.5.7","Algorithm":["Qhash"]},{"MinerName":"OneZeroMiner","FromVersion":"1.5.7","ToVersion":"1.5.8","Algorithm":["Qhash"]},{"MinerName":"OneZeroMiner","FromVersion":"1.5.8","ToVersion":"1.5.9","Algorithm":["x"],"Driver":[{"Vendor":"NVIDIA","Arch":["Pascal","Turing","Ampere","Ada"],"FromVersion":null,"ToVersion":null,"Algorithm":["Qhash"]}]},{"MinerName":"OneZeroMiner","FromVersion":"1.5.9","ToVersion":"1.6.0","Algorithm":["Qhash"]},{"MinerName":"OneZeroMiner","FromVersion":"1.6.0","ToVersion":"1.6.1","Algorithm":["Qhash"]},{"MinerName":"OneZeroMiner","FromVersion":"1.6.1","ToVersion":"1.6.2","Algorithm":["Qhash"]},{"MinerName":"OneZeroMiner","FromVersion":"1.6.2","ToVersion":"1.6.3","Algorithm":["Qhash"]},{"MinerName":"OneZeroMiner","FromVersion":"1.6.3","ToVersion":"1.6.4","Algorithm":["Qhash"]},{"MinerName":"OneZeroMiner","FromVersion":"1.6.4","ToVersion":"1.6.5","Algorithm":["Qhash"]},{"MinerName":"OneZeroMiner","FromVersion":"1.6.5","ToVersion":"1.6.7","Algorithm":["Qhash"]},{"MinerName":"OneZeroMiner","FromVersion":"1.6.7","ToVersion":"1.6.8","Algorithm":["Qhash"]},{"MinerName":"OneZeroMiner","FromVersion":"1.6.8","ToVersion":"1.6.9","Algorithm":["x"]},{"MinerName":"OneZeroMiner","FromVersion":"1.6.9","ToVersion":"1.7.1","Algorithm":["Qhash"]},{"MinerName":"OneZeroMiner","FromVersion":"1.7.1","ToVersion":"1.7.2","Algorithm":["Qhash"]},{"MinerName":"OneZeroMiner","FromVersion":"1.7.2","ToVersion":"1.7.3","Algorithm":["Qhash"]},{"MinerName":"OneZeroMiner","FromVersion":"1.7.3","ToVersion":"1.7.4","Algorithm":["XelishashV3"]},{"MinerName":"Rigel","FromVersion":"1.3.0","ToVersion":"1.3.4","Algorithm":["NexaPoW"]},{"MinerName":"Rigel","FromVersion":"1.3.4","ToVersion":"1.3.5","Algorithm":["NexaPoW"]},{"MinerName":"Rigel","FromVersion":"1.3.5","ToVersion":"1.3.6","Algorithm":["NexaPoW"]},{"MinerName":"Rigel","FromVersion":"1.3.6","ToVersion":"1.3.8","Algorithm":["NexaPoW"]},{"MinerName":"Rigel","FromVersion":"1.3.8","ToVersion":"1.3.9","Algorithm":["x"]},{"MinerName":"Rigel","FromVersion":"1.3.9","ToVersion":"1.3.10","Algorithm":["NexaPoW"]},{"MinerName":"Rigel","FromVersion":"1.3.10","ToVersion":"1.3.11","Algorithm":["NexaPoW"]},{"MinerName":"Rigel","FromVersion":"1.3.11","ToVersion":"1.4.0","Algorithm":["x"]},{"MinerName":"Rigel","FromVersion":"1.4.0","ToVersion":"1.4.1","Algorithm":["x"]},{"MinerName":"Rigel","FromVersion":"1.4.1","ToVersion":"1.4.2","Algorithm":["IronFish"]},{"MinerName":"Rigel","FromVersion":"1.4.2","ToVersion":"1.4.3","Algorithm":["x"]},{"MinerName":"Rigel","FromVersion":"1.4.3","ToVersion":"1.4.4","Algorithm":["x"]},{"MinerName":"Rigel","FromVersion":"1.4.4","ToVersion":"1.4.6","Algorithm":["x"]},{"MinerName":"Rigel","FromVersion":"1.4.6","ToVersion":"1.4.7","Algorithm":["Blake3Alephium"],"Driver":[{"Vendor":"NVIDIA","Arch":["Turing","Ampere"],"FromVersion":null,"ToVersion":null,"Algorithm":["Blake3IronFish"]}]},{"MinerName":"Rigel","FromVersion":"1.4.7","ToVersion":"1.5.2","Algorithm":["x"],"Driver":[{"Vendor":"NVIDIA","Arch":["Turing","Ampere","Ada"],"FromVersion":null,"ToVersion":null,"Algorithm":["Blake3Alephium"]}]},{"MinerName":"Rigel","FromVersion":"1.5.2","ToVersion":"1.5.3","Algorithm":["x"]},{"MinerName":"Rigel","FromVersion":"1.5.3","ToVersion":"1.6.0","Algorithm":["x"]},{"MinerName":"Rigel","FromVersion":"1.6.0","ToVersion":"1.6.1","Algorithm":["x"]},{"MinerName":"Rigel","FromVersion":"1.6.1","ToVersion":"1.6.2","Algorithm":["x"]},{"MinerName":"Rigel","FromVersion":"1.6.2","ToVersion":"1.6.3","Algorithm":["NexaPoW"]},{"MinerName":"Rigel","FromVersion":"1.6.3","ToVersion":"1.6.4","Algorithm":["x"]},{"MinerName":"Rigel","FromVersion":"1.6.4","ToVersion":"1.7.0","Algorithm":["x"]},{"MinerName":"Rigel","FromVersion":"1.7.0","ToVersion":"1.7.1","Algorithm":["x"]},{"MinerName":"Rigel","FromVersion":"1.7.1","ToVersion":"1.7.2","Algorithm":["Autolykos2"]},{"MinerName":"Rigel","FromVersion":"1.7.2","ToVersion":"1.7.3","Algorithm":["x"]},{"MinerName":"Rigel","FromVersion":"1.7.3","ToVersion":"1.8.0","Algorithm":["x"]},{"MinerName":"Rigel","FromVersion":"1.8.0","ToVersion":"1.8.1","Algorithm":["x"]},{"MinerName":"Rigel","FromVersion":"1.8.1","ToVersion":"1.9.0","Algorithm":["x"]},{"MinerName":"Rigel","FromVersion":"1.9.0","ToVersion":"1.9.1","Algorithm":["x"]},{"MinerName":"Rigel","FromVersion":"1.9.1","ToVersion":"1.9.2","Algorithm":["x"]},{"MinerName":"Rigel","FromVersion":"1.9.2","ToVersion":"1.10.0","Algorithm":["x"]},{"MinerName":"Rigel","FromVersion":"1.10.0","ToVersion":"1.10.1","Algorithm":["x"]},{"MinerName":"Rigel","FromVersion":"1.10.1","ToVersion":"1.12.1","Algorithm":["x"]},{"MinerName":"Rigel","FromVersion":"1.12.1","ToVersion":"1.12.2","Algorithm":["x"],"Driver":[{"Vendor":"NVIDIA","Arch":["Turing"],"FromVersion":null,"ToVersion":null,"Algorithm":["HeavyHashPyrin"]}]},{"MinerName":"Rigel","FromVersion":"1.12.2","ToVersion":"1.13.0","Algorithm":["Ethash","KawPoW"]},{"MinerName":"Rigel","FromVersion":"1.13.0","ToVersion":"1.13.1","Algorithm":["x"],"Driver":[{"Vendor":"NVIDIA","Arch":["Pascal"],"FromVersion":null,"ToVersion":null,"Algorithm":["SHA512256d"]}]},{"MinerName":"Rigel","FromVersion":"1.13.1","ToVersion":"1.14.0","Algorithm":["x"]},{"MinerName":"Rigel","FromVersion":"1.14.0","ToVersion":"1.14.1","Algorithm":["x"]},{"MinerName":"Rigel","FromVersion":"1.14.1","ToVersion":"1.14.2","Algorithm":["x"]},{"MinerName":"Rigel","FromVersion":"1.14.2","ToVersion":"1.15.0","Algorithm":["x"]},{"MinerName":"Rigel","FromVersion":"1.15.0","ToVersion":"1.15.1","Algorithm":["x"]},{"MinerName":"Rigel","FromVersion":"1.15.1","ToVersion":"1.16.1","Algorithm":["x"]},{"MinerName":"Rigel","FromVersion":"1.16.1","ToVersion":"1.16.2","Algorithm":["SHA256ton"]},{"MinerName":"Rigel","FromVersion":"1.16.2","ToVersion":"1.16.3","Algorithm":["SHA256ton"]},{"MinerName":"Rigel","FromVersion":"1.16.3","ToVersion":"1.17.0","Algorithm":["x"]},{"MinerName":"Rigel","FromVersion":"1.17.0","ToVersion":"1.17.1","Algorithm":["XelisHash"]},{"MinerName":"Rigel","FromVersion":"1.17.1","ToVersion":"1.17.2","Algorithm":["XelisHash"]},{"MinerName":"Rigel","FromVersion":"1.17.2","ToVersion":"1.17.3","Algorithm":["XelisHash"]},{"MinerName":"Rigel","FromVersion":"1.17.3","ToVersion":"1.17.4","Algorithm":["XelisHash"]},{"MinerName":"Rigel","FromVersion":"1.17.4","ToVersion":"1.18.0","Algorithm":["x"]},{"MinerName":"Rigel","FromVersion":"1.18.0","ToVersion":"1.18.2","Algorithm":["x"]},{"MinerName":"Rigel","FromVersion":"1.18.2","ToVersion":"1.19.0","Algorithm":["x"]},{"MinerName":"Rigel","FromVersion":"1.19.0","ToVersion":"1.19.1","Algorithm":["x"],"Driver":[{"Vendor":"NVIDIA","Arch":["Ampere"],"FromVersion":null,"ToVersion":null,"Algorithm":["PyrinHashV2"]}]},{"MinerName":"Rigel","FromVersion":"1.19.1","ToVersion":"1.19.3","Algorithm":["x"],"Driver":[{"Vendor":"NVIDIA","Arch":["Ampere"],"FromVersion":null,"ToVersion":null,"Algorithm":["XelisHashV2"]}]},{"MinerName":"Rigel","FromVersion":"1.19.3","ToVersion":"1.19.4","Algorithm":["x"],"Driver":[{"Vendor":"NVIDIA","Arch":["Ampere","Ada"],"FromVersion":null,"ToVersion":null,"Algorithm":["XelisHashV2"]}]},{"MinerName":"Rigel","FromVersion":"1.19.4","ToVersion":"1.20.0","Algorithm":["x"]},{"MinerName":"Rigel","FromVersion":"1.20.0","ToVersion":"1.20.1","Algorithm":["ProgPowQuai"]},{"MinerName":"Rigel","FromVersion":"1.20.1","ToVersion":"1.21.0","Algorithm":["Octopus"]},{"MinerName":"Rigel","FromVersion":"1.21.0","ToVersion":"1.21.2","Algorithm":["XelisHashV2"]},{"MinerName":"Rigel","FromVersion":"1.21.2","ToVersion":"1.21.3","Algorithm":["Octopus"]},{"MinerName":"Rigel","FromVersion":"1.21.3","ToVersion":"1.22.1","Algorithm":["x"]},{"MinerName":"Rigel","FromVersion":"1.22.1","ToVersion":"1.22.2","Algorithm":["SHA3x"]},{"MinerName":"Rigel","FromVersion":"1.22.2","ToVersion":"1.22.3","Algorithm":["x"],"Driver":[{"Vendor":"NVIDIA","Arch":["Ampere","Ada","Hopper"],"FromVersion":null,"ToVersion":null,"Algorithm":["XelisHashV2"]}]},{"MinerName":"Rigel","FromVersion":"1.22.3","ToVersion":"1.23.0","Algorithm":["x"]},{"MinerName":"Rigel","FromVersion":"1.23.0","ToVersion":"1.23.1","Algorithm":["XelishashV3"]},{"MinerName":"SrbminerMulti","FromVersion":"1.0.9","ToVersion":"1.1.0","Algorithm":["SHA512256d"]},{"MinerName":"SrbminerMulti","FromVersion":"1.1.0","ToVersion":"1.1.1","Algorithm":["CryptoNightGPU","KawPOW","FiroPoW","Epic","ProgPowSero","SHA512256d","Veil","Veriblock","Zano","Lyra2RE2Webchain"]},{"MinerName":"SrbminerMulti","FromVersion":"1.1.1","ToVersion":"1.1.2","Algorithm":["SHA256dt"]},{"MinerName":"SrbminerMulti","FromVersion":"1.1.2","ToVersion":"1.1.3","Algorithm":["kHeavyHash"]},{"MinerName":"SrbminerMulti","FromVersion":"1.1.3","ToVersion":"1.1.4","Algorithm":["x"],"Driver":[{"Vendor":"AMD","Arch":null,"FromVersion":null,"ToVersion":null,"Algorithm":["Autolykos2"]}]},{"MinerName":"SrbminerMulti","FromVersion":"1.1.4","ToVersion":"2.0.0","Algorithm":["x"],"Driver":[{"Vendor":"NVIDIA","Arch":null,"FromVersion":null,"ToVersion":null,"Algorithm":["*"]}]},{"MinerName":"SrbminerMulti","FromVersion":"2.0.0","ToVersion":"2.0.1","Algorithm":["x"],"Driver":[{"Vendor":"NVIDIA","Arch":null,"FromVersion":null,"ToVersion":null,"Algorithm":["*"]}]},{"MinerName":"SrbminerMulti","FromVersion":"2.0.1","ToVersion":"2.0.2","Algorithm":["SHA512256d"]},{"MinerName":"SrbminerMulti","FromVersion":"2.0.2","ToVersion":"2.1.0","Algorithm":["x"]},{"MinerName":"SrbminerMulti","FromVersion":"2.1.0","ToVersion":"2.2.0","Algorithm":["x"],"Driver":[{"Vendor":"INTEL","Arch":null,"FromVersion":null,"ToVersion":null,"Algorithm":["*"]}]},{"MinerName":"SrbminerMulti","FromVersion":"2.2.0","ToVersion":"2.2.1","Algorithm":["DynexSolve"]},{"MinerName":"SrbminerMulti","FromVersion":"2.2.1","ToVersion":"2.2.2","Algorithm":["DynexSolve"]},{"MinerName":"SrbminerMulti","FromVersion":"2.2.2","ToVersion":"2.2.3","Algorithm":["DynexSolve"]},{"MinerName":"SrbminerMulti","FromVersion":"2.2.3","ToVersion":"2.2.4","Algorithm":["DynexSolve"]},{"MinerName":"SrbminerMulti","FromVersion":"2.2.4","ToVersion":"2.2.5","Algorithm":["Blake3IronFish","DynexSolve"]},{"MinerName":"SrbminerMulti","FromVersion":"2.2.5","ToVersion":"2.2.6","Algorithm":["Blake3Alephium","SHA256dt"],"Driver":[{"Vendor":"AMD","Arch":null,"FromVersion":null,"ToVersion":null,"Algorithm":["DynexSolve"]},{"Vendor":"AMD","Arch":["RDNA3"],"FromVersion":null,"ToVersion":null,"Algorithm":["SHA512256d"]},{"Vendor":"INTEL","Arch":null,"FromVersion":null,"ToVersion":null,"Algorithm":["x"]},{"Vendor":"NVIDIA","Arch":null,"FromVersion":null,"ToVersion":null,"Algorithm":["DynexSolve","SHA3d"]},{"Vendor":"NVIDIA","Arch":["Pascal","Turing"],"FromVersion":null,"ToVersion":null,"Algorithm":["SHA512256d"]}]},{"MinerName":"SrbminerMulti","FromVersion":"2.2.6","ToVersion":"2.2.7","Algorithm":["Autolykos2","Blake3Alephium","DynexSolve","SHA256dt"]},{"MinerName":"SrbminerMulti","FromVersion":"2.2.7","ToVersion":"2.2.8","Algorithm":["x"]},{"MinerName":"SrbminerMulti","FromVersion":"2.2.8","ToVersion":"2.2.9","Algorithm":["MemeHash"]},{"MinerName":"SrbminerMulti","FromVersion":"2.2.9","ToVersion":"2.3.0","Algorithm":["DynexSolve"]},{"MinerName":"SrbminerMulti","FromVersion":"2.3.0","ToVersion":"2.3.1","Algorithm":["x"]},{"MinerName":"SrbminerMulti","FromVersion":"2.3.1","ToVersion":"2.3.2","Algorithm":["DynexSolve"]},{"MinerName":"SrbminerMulti","FromVersion":"2.3.2","ToVersion":"2.3.4","Algorithm":["x"]},{"MinerName":"SrbminerMulti","FromVersion":"2.3.4","ToVersion":"2.3.5","Algorithm":["DynexSolve","EthashB3"]},{"MinerName":"SrbminerMulti","FromVersion":"2.3.5","ToVersion":"2.3.6","Algorithm":["x"]},{"MinerName":"SrbminerMulti","FromVersion":"2.3.6","ToVersion":"2.3.7","Algorithm":["DynexSolve"]},{"MinerName":"SrbminerMulti","FromVersion":"2.3.7","ToVersion":"2.3.8","Algorithm":["x"],"Driver":[{"Vendor":"NVIDIA","Arch":["Volta"],"FromVersion":null,"ToVersion":null,"Algorithm":["*"]}]},{"MinerName":"SrbminerMulti","FromVersion":"2.3.8","ToVersion":"2.3.9","Algorithm":["DynexSolve"]},{"MinerName":"SrbminerMulti","FromVersion":"2.3.9","ToVersion":"2.4.0","Algorithm":["Autolykos2"]},{"MinerName":"SrbminerMulti","FromVersion":"2.4.0","ToVersion":"2.4.1","Algorithm":["x"]},{"MinerName":"SrbminerMulti","FromVersion":"2.4.1","ToVersion":"2.4.2","Algorithm":["KarlsenHash"]},{"MinerName":"SrbminerMulti","FromVersion":"2.4.2","ToVersion":"2.4.3","Algorithm":["x"],"Driver":[{"Vendor":"AMD","Arch":null,"FromVersion":null,"ToVersion":null,"Algorithm":["KarlsenHash"]},{"Vendor":"INTEL","Arch":null,"FromVersion":null,"ToVersion":null,"Algorithm":["KarlsenHash"]}]},{"MinerName":"SrbminerMulti","FromVersion":"2.4.3","ToVersion":"2.4.4","Algorithm":["x"]},{"MinerName":"SrbminerMulti","FromVersion":"2.4.4","ToVersion":"2.4.5","Algorithm":["KarlsenHash","SHA3d"]},{"MinerName":"SrbminerMulti","FromVersion":"2.4.5","ToVersion":"2.4.6","Algorithm":["x"]},{"MinerName":"SrbminerMulti","FromVersion":"2.4.6","ToVersion":"2.4.7","Algorithm":["Aurum","Blake3Decred","Yescrypt","YescryptR8","YescryptR16","YescryptR32"]},{"MinerName":"SrbminerMulti","FromVersion":"2.4.7","ToVersion":"2.4.8","Algorithm":["Aurum"]},{"MinerName":"SrbminerMulti","FromVersion":"2.4.8","ToVersion":"2.4.9","Algorithm":["x"]},{"MinerName":"SrbminerMulti","FromVersion":"2.4.9","ToVersion":"2.5.0","Algorithm":["x"]},{"MinerName":"SrbminerMulti","FromVersion":"2.5.0","ToVersion":"2.5.1","Algorithm":["x"]},{"MinerName":"SrbminerMulti","FromVersion":"2.5.1","ToVersion":"2.5.2","Algorithm":["x"]},{"MinerName":"SrbminerMulti","FromVersion":"2.5.2","ToVersion":"2.5.3","Algorithm":["x"]},{"MinerName":"SrbminerMulti","FromVersion":"2.5.3","ToVersion":"2.5.4","Algorithm":["XelisHash"]},{"MinerName":"SrbminerMulti","FromVersion":"2.5.4","ToVersion":"2.5.5","Algorithm":["XelisHash"]},{"MinerName":"SrbminerMulti","FromVersion":"2.5.5","ToVersion":"2.5.6","Algorithm":["x"]},{"MinerName":"SrbminerMulti","FromVersion":"2.5.6","ToVersion":"2.5.7","Algorithm":["Flex","Mike","Take2"]},{"MinerName":"SrbminerMulti","FromVersion":"2.5.7","ToVersion":"2.5.8","Algorithm":["x"]},{"MinerName":"SrbminerMulti","FromVersion":"2.5.8","ToVersion":"2.5.9","Algorithm":["x"],"Driver":[{"Vendor":"CPU","Arch":null,"FromVersion":null,"ToVersion":null,"Algorithm":["XelisHashV2"]}]},{"MinerName":"SrbminerMulti","FromVersion":"2.5.9","ToVersion":"2.6.0","Algorithm":["x"]},{"MinerName":"SrbminerMulti","FromVersion":"2.6.0","ToVersion":"2.6.1","Algorithm":["x"]},{"MinerName":"SrbminerMulti","FromVersion":"2.6.1","ToVersion":"2.6.2","Algorithm":["x"]},{"MinerName":"SrbminerMulti","FromVersion":"2.6.2","ToVersion":"2.6.3","Algorithm":["x"]},{"MinerName":"SrbminerMulti","FromVersion":"2.6.3","ToVersion":"2.6.4","Algorithm":["x"],"Driver":[{"Vendor":"INTEL","Arch":null,"FromVersion":null,"ToVersion":null,"Algorithm":["Autolykos2"]}]},{"MinerName":"SrbminerMulti","FromVersion":"2.6.4","ToVersion":"2.6.5","Algorithm":["x"]},{"MinerName":"SrbminerMulti","FromVersion":"2.6.5","ToVersion":"2.6.6","Algorithm":["x"]},{"MinerName":"SrbminerMulti","FromVersion":"2.6.6","ToVersion":"2.6.7","Algorithm":["x"]},{"MinerName":"SrbminerMulti","FromVersion":"2.6.7","ToVersion":"2.6.8","Algorithm":["AstrixHash"]},{"MinerName":"SrbminerMulti","FromVersion":"2.6.8","ToVersion":"2.7.1","Algorithm":["Panthera"]},{"MinerName":"SrbminerMulti","FromVersion":"2.7.1","ToVersion":"2.7.2","Algorithm":["x"],"Driver":[{"Vendor":"AMD","Arch":["GCN50","GCN51"],"FromVersion":null,"ToVersion":null,"Algorithm":["ProgPowEpic","ProgPowQuai","ProgPowSero","Meraki","ProgPowVeil","vProgPoW","ProgPoWZ"]},{"Vendor":"CPU","Arch":null,"FromVersion":null,"ToVersion":null,"Algorithm":["Panthera"]}]},{"MinerName":"SrbminerMulti","FromVersion":"2.7.2","ToVersion":"2.7.3","Algorithm":["x"]},{"MinerName":"SrbminerMulti","FromVersion":"2.7.3","ToVersion":"2.7.4","Algorithm":["x"]},{"MinerName":"SrbminerMulti","FromVersion":"2.7.4","ToVersion":"2.7.5","Algorithm":["x"]},{"MinerName":"SrbminerMulti","FromVersion":"2.7.5","ToVersion":"2.7.6","Algorithm":["x"]},{"MinerName":"SrbminerMulti","FromVersion":"2.7.6","ToVersion":"2.7.7","Algorithm":["x"],"Driver":[{"Vendor":"INTEL","Arch":null,"FromVersion":null,"ToVersion":null,"Algorithm":["FiroPow","KawpPow4g","KawpPow5g","ProgPowQuai","ProgPowSero","ProgPowVeil"]},{"Vendor":"NVIDIA","Arch":null,"FromVersion":null,"ToVersion":null,"Algorithm":["ProgPowQuai"]}]},{"MinerName":"SrbminerMulti","FromVersion":"2.7.7","ToVersion":"2.7.8","Algorithm":["x"]},{"MinerName":"SrbminerMulti","FromVersion":"2.7.8","ToVersion":"2.7.9","Algorithm":["x"]},{"MinerName":"SrbminerMulti","FromVersion":"2.7.9","ToVersion":"2.8.0","Algorithm":["x"],"Driver":[{"Vendor":"AMD","Arch":["RDNA1"],"FromVersion":null,"ToVersion":null,"Algorithm":["AstrixHash","CryptixHash","NxlHash","WalaHash"]}]},{"MinerName":"SrbminerMulti","FromVersion":"2.8.0","ToVersion":"2.8.1","Algorithm":["x"],"Driver":[{"Vendor":"AMD","Arch":["RDNA4"],"FromVersion":null,"ToVersion":null,"Algorithm":["ProgPowEPIC","ProgPowQuai","ProgPowSero","Meraki","ProgPowVeil","ProgPowZ","BlocxAutolykos2"]}]},{"MinerName":"SrbminerMulti","FromVersion":"2.8.1","ToVersion":"2.8.2","Algorithm":["x"]},{"MinerName":"SrbminerMulti","FromVersion":"2.8.2","ToVersion":"2.8.3","Algorithm":["x"],"Driver":[{"Vendor":"AMD","Arch":["GCN4"],"FromVersion":null,"ToVersion":null,"Algorithm":["EthashR5"]}]},{"MinerName":"SrbminerMulti","FromVersion":"2.8.3","ToVersion":"2.8.4","Algorithm":["CurveHash"]},{"MinerName":"SrbminerMulti","FromVersion":"2.8.4","ToVersion":"2.8.5","Algorithm":["CLCHash"]},{"MinerName":"SrbminerMulti","FromVersion":"2.8.5","ToVersion":"2.8.6","Algorithm":["CurveHash"]},{"MinerName":"SrbminerMulti","FromVersion":"2.8.6","ToVersion":"2.8.7","Algorithm":["x"]},{"MinerName":"SrbminerMulti","FromVersion":"2.8.7","ToVersion":"2.8.8","Algorithm":["SHA3x"]},{"MinerName":"SrbminerMulti","FromVersion":"2.8.8","ToVersion":"2.9.0","Algorithm":["x"]},{"MinerName":"SrbminerMulti","FromVersion":"2.9.0","ToVersion":"2.9.1","Algorithm":["SHA3x"]},{"MinerName":"SrbminerMulti","FromVersion":"2.9.1","ToVersion":"2.9.3","Algorithm":["SHA3x","WalaHash"]},{"MinerName":"SrbminerMulti","FromVersion":"2.9.3","ToVersion":"2.9.4","Algorithm":["RandomX"]},{"MinerName":"SrbminerMulti","FromVersion":"2.9.4","ToVersion":"2.9.5","Algorithm":["NxlHash"]},{"MinerName":"SrbminerMulti","FromVersion":"2.9.5","ToVersion":"2.9.6","Algorithm":["x"]},{"MinerName":"SrbminerMulti","FromVersion":"2.9.6","ToVersion":"2.9.7","Algorithm":["x"]},{"MinerName":"SrbminerMulti","FromVersion":"2.9.7","ToVersion":"2.9.8","Algorithm":["x"]},{"MinerName":"SrbminerMulti","FromVersion":"2.9.8","ToVersion":"2.9.9","Algorithm":["x"]},{"MinerName":"SrbminerMulti","FromVersion":"2.9.9","ToVersion":"3.0.2","Algorithm":["THT","Xhash"]},{"MinerName":"SrbminerMulti","FromVersion":"3.0.2","ToVersion":"3.0.3","Algorithm":["THT","Xhash"]},{"MinerName":"SrbminerMulti","FromVersion":"3.0.3","ToVersion":"3.0.4","Algorithm":["THT"]},{"MinerName":"SrbminerMulti","FromVersion":"3.0.4","ToVersion":"3.0.5","Algorithm":["THT"]},{"MinerName":"SrbminerMulti","FromVersion":"3.0.5","ToVersion":"3.0.6","Algorithm":["THT"]},{"MinerName":"SrbminerMulti","FromVersion":"3.0.6","ToVersion":"3.0.8","Algorithm":["XelishashV3"]},{"MinerName":"SrbminerMulti","FromVersion":"3.0.8","ToVersion":"3.1.0","Algorithm":["XelishashV3"]},{"MinerName":"SrbminerMulti","FromVersion":"3.1.0","ToVersion":"3.1.1","Algorithm":["x"]},{"MinerName":"Teamblack","FromVersion":"1.69","ToVersion":"1.70","Algorithm":["KawPoW"]},{"MinerName":"Teamblack","FromVersion":"1.70","ToVersion":"1.72","Algorithm":["KawPoW"]},{"MinerName":"Teamblack","FromVersion":"1.72","ToVersion":"1.73","Algorithm":["Etchash","Ethash"]},{"MinerName":"Teamblack","FromVersion":"1.73","ToVersion":"1.74","Algorithm":["x"]},{"MinerName":"Teamblack","FromVersion":"1.74","ToVersion":"1.75","Algorithm":["Etchash","Ethash","Verthash"]},{"MinerName":"Teamblack","FromVersion":"1.75","ToVersion":"1.77","Algorithm":["Verthash"]},{"MinerName":"Teamblack","FromVersion":"1.77","ToVersion":"1.78","Algorithm":["x"],"Driver":[{"Vendor":"NVIDIA","Arch":null,"FromVersion":null,"ToVersion":null,"Algorithm":["KawPoW"]}]},{"MinerName":"Teamblack","FromVersion":"1.78","ToVersion":"1.79","Algorithm":["KawPoW"]},{"MinerName":"Teamblack","FromVersion":"1.79","ToVersion":"1.80","Algorithm":["x"]},{"MinerName":"Teamblack","FromVersion":"1.80","ToVersion":"1.82","Algorithm":["Verthash"]},{"MinerName":"Teamblack","FromVersion":"1.82","ToVersion":"1.84","Algorithm":["Verthash"]},{"MinerName":"Teamblack","FromVersion":"1.84","ToVersion":"1.86","Algorithm":["KawPoW"]},{"MinerName":"Teamblack","FromVersion":"1.87","ToVersion":"1.88","Algorithm":["x"]},{"MinerName":"Teamblack","FromVersion":"1.88","ToVersion":"1.91","Algorithm":["x"]},{"MinerName":"Teamblack","FromVersion":"1.91","ToVersion":"1.92","Algorithm":["Verthash"]},{"MinerName":"Teamblack","FromVersion":"1.92","ToVersion":"1.93","Algorithm":["x"]},{"MinerName":"Teamblack","FromVersion":"1.93","ToVersion":"1.94","Algorithm":["x"]},{"MinerName":"Teamblack","FromVersion":"1.94","ToVersion":"1.95","Algorithm":["x"]},{"MinerName":"Teamblack","FromVersion":"1.95","ToVersion":"1.96","Algorithm":["KawPow"]},{"MinerName":"Teamblack","FromVersion":"1.96","ToVersion":"1.98","Algorithm":["x"]},{"MinerName":"Teamblack","FromVersion":"1.98","ToVersion":"1.99","Algorithm":["x"]},{"MinerName":"Teamblack","FromVersion":"1.99","ToVersion":"2.00","Algorithm":["EthashB3"]},{"MinerName":"Teamblack","FromVersion":"2.00","ToVersion":"2.02","Algorithm":["x"]},{"MinerName":"Teamblack","FromVersion":"2.02","ToVersion":"2.04","Algorithm":["EthashB3","KawPoW"]},{"MinerName":"Teamblack","FromVersion":"2.04","ToVersion":"2.05","Algorithm":["Etchash","Ethash"]},{"MinerName":"Teamblack","FromVersion":"2.05","ToVersion":"2.06","Algorithm":["x"]},{"MinerName":"Teamblack","FromVersion":"2.06","ToVersion":"2.07","Algorithm":["x"]},{"MinerName":"Teamblack","FromVersion":"2.07","ToVersion":"2.08","Algorithm":["VertHash"]},{"MinerName":"Teamblack","FromVersion":"2.08","ToVersion":"2.09","Algorithm":["x"],"Driver":[{"Vendor":"AMD","Arch":null,"FromVersion":null,"ToVersion":null,"Algorithm":["KawPOW"]}]},{"MinerName":"Teamblack","FromVersion":"2.09","ToVersion":"2.10","Algorithm":["EthashB3"]},{"MinerName":"Teamblack","FromVersion":"2.10","ToVersion":"2.11","Algorithm":["EthashB3"]},{"MinerName":"Teamblack","FromVersion":"2.11","ToVersion":"2.12","Algorithm":["KawPOW"]},{"MinerName":"Teamblack","FromVersion":"2.12","ToVersion":"2.13","Algorithm":["x"]},{"MinerName":"Teamblack","FromVersion":"2.13","ToVersion":"2.14","Algorithm":["x"]},{"MinerName":"Teamblack","FromVersion":"2.14","ToVersion":"2.15","Algorithm":["x"]},{"MinerName":"Teamblack","FromVersion":"2.15","ToVersion":"2.16","Algorithm":["x"]},{"MinerName":"Teamblack","FromVersion":"2.16","ToVersion":"2.17","Algorithm":["x"]},{"MinerName":"Teamblack","FromVersion":"2.17","ToVersion":"2.18","Algorithm":["x"]},{"MinerName":"Teamblack","FromVersion":"2.18","ToVersion":"2.20","Algorithm":["FiroPoW","KawPoW"]},{"MinerName":"Teamblack","FromVersion":"2.20","ToVersion":"2.21","Algorithm":["x"]},{"MinerName":"Teamblack","FromVersion":"2.21","ToVersion":"2.23","Algorithm":["x"]},{"MinerName":"Teamblack","FromVersion":"2.23","ToVersion":"2.25","Algorithm":["VertHash"]},{"MinerName":"Teamblack","FromVersion":"2.25","ToVersion":"2.26","Algorithm":["x"]},{"MinerName":"Teamblack","FromVersion":"2.26","ToVersion":"2.27","Algorithm":["x"]},{"MinerName":"Teamblack","FromVersion":"2.27","ToVersion":"2.28","Algorithm":["x"]},{"MinerName":"Teamblack","FromVersion":"2.28","ToVersion":"2.29","Algorithm":["x"]},{"MinerName":"Teamblack","FromVersion":"2.29","ToVersion":"2.36","Algorithm":["EvrProgPow","FiroPoW","KawPOW","MeowPow"]},{"MinerName":"Teamblack","FromVersion":"2.36","ToVersion":"2.38","Algorithm":["EvrProgPow","FiroPoW","KawPOW","MeowPow"]},{"MinerName":"Teamblack","FromVersion":"2.38","ToVersion":"2.41","Algorithm":["EvrProgPow","FiroPoW","KawPOW","MeowPow"]},{"MinerName":"Teamblack","FromVersion":"2.41","ToVersion":"2.42","Algorithm":["KawPOW"]},{"MinerName":"Teamred","FromVersion":"0.10.3.1","ToVersion":"0.10.4","Algorithm":["FiroPoW","KawPoW"]},{"MinerName":"Teamred","FromVersion":"0.10.4","ToVersion":"0.10.4.1","Algorithm":["kHeavyHash"]},{"MinerName":"Teamred","FromVersion":"0.10.5","ToVersion":"0.10.5.1","Algorithm":["kHeavyHash"]},{"MinerName":"Teamred","FromVersion":"0.10.5.1","ToVersion":"0.10.6","Algorithm":["x"]},{"MinerName":"Teamred","FromVersion":"0.10.7","ToVersion":"0.10.8","Algorithm":["kHeavyHash"]},{"MinerName":"Teamred","FromVersion":"0.10.8","ToVersion":"0.10.9","Algorithm":["x"],"Driver":[{"Vendor":"AMD","Arch":["RDNA3"],"FromVersion":null,"ToVersion":null,"Algorithm":["Autolykos2","Etchash","Ethash","kHeavyHash","Verthash"]}]},{"MinerName":"Teamred","FromVersion":"0.10.9","ToVersion":"0.10.10","Algorithm":["IronFish"]},{"MinerName":"Teamred","FromVersion":"0.10.10","ToVersion":"0.10.11","Algorithm":["IronFish"]},{"MinerName":"Teamred","FromVersion":"0.10.11","ToVersion":"0.10.12","Algorithm":["IronFish"]},{"MinerName":"Teamred","FromVersion":"0.10.12","ToVersion":"0.10.13","Algorithm":["x"]},{"MinerName":"Teamred","FromVersion":"0.10.13","ToVersion":"0.10.14","Algorithm":["x"]},{"MinerName":"Teamred","FromVersion":"0.10.14","ToVersion":"0.10.16","Algorithm":["x"]},{"MinerName":"Teamred","FromVersion":"0.10.16","ToVersion":"0.10.17","Algorithm":["Abelian","HeavyHashPyrin"]},{"MinerName":"Teamred","FromVersion":"0.10.17","ToVersion":"0.10.18","Algorithm":["x"]},{"MinerName":"Teamred","FromVersion":"0.10.18","ToVersion":"0.10.19","Algorithm":["x"]},{"MinerName":"Teamred","FromVersion":"0.10.19","ToVersion":"0.10.20","Algorithm":["x"]},{"MinerName":"Teamred","FromVersion":"0.10.20","ToVersion":"0.10.21","Algorithm":["x"]},{"MinerName":"Trex","FromVersion":"0.26.6","ToVersion":"0.26.8","Algorithm":["x"],"Driver":[{"Vendor":"NVIDIA","Arch":["Ada"],"FromVersion":null,"ToVersion":null,"Algorithm":["*"]},{"Vendor":"NVIDIA","Arch":null,"FromVersion":"520.0","ToVersion":null,"Algorithm":["*"]}]},{"MinerName":"TTminer","FromVersion":"2023.1.1","ToVersion":"2023.1.4","Algorithm":["Take2","Mike"]},{"MinerName":"TTminer","FromVersion":"2023.1.4","ToVersion":"2023.1.5","Algorithm":["vProgPow"]},{"MinerName":"TTminer","FromVersion":"2023.1.5","ToVersion":"2023.1.6","Algorithm":["x"]},{"MinerName":"TTminer","FromVersion":"2023.1.6","ToVersion":"2023.1.7","Algorithm":["x"]},{"MinerName":"TTminer","FromVersion":"2023.1.7","ToVersion":"2023.2.0","Algorithm":["x"]},{"MinerName":"TTminer","FromVersion":"2023.2.0","ToVersion":"2023.2.1","Algorithm":["Blake3Alephium"]},{"MinerName":"TTminer","FromVersion":"2023.2.1","ToVersion":"2023.2.2","Algorithm":["x"]},{"MinerName":"TTminer","FromVersion":"2023.2.2","ToVersion":"2023.4.0b2","Algorithm":["SHA512256d"]},{"MinerName":"TTminer","FromVersion":"2023.4.0b2","ToVersion":"2023.4.0","Algorithm":["x"]},{"MinerName":"TTminer","FromVersion":"2023.4.0","ToVersion":"2023.4.1","Algorithm":["x"]},{"MinerName":"TTminer","FromVersion":"2023.4.1","ToVersion":"2023.4.2","Algorithm":["x"]},{"MinerName":"TTminer","FromVersion":"2023.4.2","ToVersion":"2023.4.3","Algorithm":["SHA256dt","SHA3Solidity"]},{"MinerName":"TTminer","FromVersion":"2023.4.4","ToVersion":"2024.1.2","Algorithm":["*"]},{"MinerName":"TTminer","FromVersion":"2024.1.2","ToVersion":"2024.1.5","Algorithm":["*"]},{"MinerName":"TTminer","FromVersion":"2024.1.5","ToVersion":"2024.1.6","Algorithm":["EvrProgPow","KawPow","ProgPow","ProgPoWEPIC","ProgPoWSERO","ProgPoWVEIL","ProgPoWZ","vProgPoW"]},{"MinerName":"TTminer","FromVersion":"2024.1.6","ToVersion":"2024.1.7","Algorithm":["x"]},{"MinerName":"TTminer","FromVersion":"2024.1.7","ToVersion":"2024.1.8","Algorithm":["Ethash","EthashB3"]},{"MinerName":"TTminer","FromVersion":"2024.1.8","ToVersion":"2024.2.0","Algorithm":["x"]},{"MinerName":"TTminer","FromVersion":"2024.2.0","ToVersion":"2024.3.0","Algorithm":["x"]},{"MinerName":"TTminer","FromVersion":"2024.3.0","ToVersion":"2024.3.1","Algorithm":["x"]},{"MinerName":"TTminer","FromVersion":"2024.3.1","ToVersion":"2024.3.2","Algorithm":["x"]},{"MinerName":"TTminerBeta","FromVersion":"2024.3.3b5","ToVersion":"2024.3.3b6","Algorithm":["x"]},{"MinerName":"Wildrig","FromVersion":"0.32.5","ToVersion":"0.33.1","Algorithm":["SHA512256d","Pufferfish2"]},{"MinerName":"Wildrig","FromVersion":"0.33.1","ToVersion":"0.33.2","Algorithm":["CurveHash","Pufferfish2"]},{"MinerName":"Wildrig","FromVersion":"0.33.2","ToVersion":"0.33.3","Algorithm":["x"],"Driver":[{"Vendor":"NVIDIA","Arch":null,"FromVersion":null,"ToVersion":null,"Algorithm":["Take2"]}]},{"MinerName":"Wildrig","FromVersion":"0.33.3","ToVersion":"0.33.5","Algorithm":["x"],"Driver":[{"Vendor":"AMD","Arch":null,"FromVersion":null,"ToVersion":null,"Algorithm":["ProgPoWEthercore","ProgPowSero","ProgPowVeil","ProgPoWZ","vProgPoW"]}]},{"MinerName":"Wildrig","FromVersion":"0.33.5","ToVersion":"0.33.6","Algorithm":["x"],"Driver":[{"Vendor":"NVIDIA","Arch":null,"FromVersion":null,"ToVersion":null,"Algorithm":["EvrProgPow","ProgPoWEthercore","ProgPowSero","ProgPowVeil","ProgPoWZ","vProgPoW"]}]},{"MinerName":"Wildrig","FromVersion":"0.33.6","ToVersion":"0.33.7","Algorithm":["SHA512256d","EvrProgPow","ProgPoWEthercore","ProgPowSero","ProgPowVeil","ProgPoWZ","vProgPoW"]},{"MinerName":"Wildrig","FromVersion":"0.33.7","ToVersion":"0.33.8","Algorithm":["EvrProgPow","ProgPoWEthercore","ProgPowSero","ProgPowVeil","ProgPoWZ","vProgPoW"]},{"MinerName":"Wildrig","FromVersion":"0.33.8","ToVersion":"0.33.9","Algorithm":["x"]},{"MinerName":"Wildrig","FromVersion":"0.33.9","ToVersion":"0.34.0","Algorithm":["x"]},{"MinerName":"Wildrig","FromVersion":"0.34.0","ToVersion":"0.36.1b","Algorithm":["*"]},{"MinerName":"Wildrig","FromVersion":"0.36.1b","ToVersion":"0.36.2b","Algorithm":["NexaPoW"]},{"MinerName":"Wildrig","FromVersion":"0.36.2b","ToVersion":"0.36.3b","Algorithm":["NexaPoW"]},{"MinerName":"Wildrig","FromVersion":"0.36.3b","ToVersion":"0.36.5b","Algorithm":["NexaPoW"]},{"MinerName":"Wildrig","FromVersion":"0.36.5b","ToVersion":"0.36.7","Algorithm":["x"]},{"MinerName":"Wildrig","FromVersion":"0.36.7","ToVersion":"0.36.8","Algorithm":["MemeHashV2"]},{"MinerName":"Wildrig","FromVersion":"0.36.8","ToVersion":"0.36.10","Algorithm":["MemeHashV2"]},{"MinerName":"Wildrig","FromVersion":"0.36.10","ToVersion":"0.37.1","Algorithm":["x"]},{"MinerName":"Wildrig","FromVersion":"0.37.1","ToVersion":"0.38.1","Algorithm":["x"]},{"MinerName":"Wildrig","FromVersion":"0.38.1","ToVersion":"0.38.2","Algorithm":["x"],"Driver":[{"Vendor":"AMD","Arch":["RDNA3"],"FromVersion":null,"ToVersion":null,"Algorithm":["ProgPoWEthercore","ProgPowQuai","ProgPowSero","ProgPowVeil","ProgPoWZ","vProgPoW"]},{"Vendor":"NVIDIA","Arch":["Turing"],"FromVersion":null,"ToVersion":null,"Algorithm":["ProgPoWEthercore","ProgPowQuai","ProgPowSero","ProgPowVeil","ProgPoWZ","vProgPoW"]}]},{"MinerName":"Wildrig","FromVersion":"0.38.2","ToVersion":"0.38.3","Algorithm":["x"],"Driver":[{"Vendor":"AMD","Arch":["RDNA2"],"FromVersion":null,"ToVersion":null,"Algorithm":["sha512256d"]}]},{"MinerName":"Wildrig","FromVersion":"0.38.3","ToVersion":"0.38.4","Algorithm":["x"],"Driver":[{"Vendor":"NVIDIA","Arch":["Pascal","Volta","Hopper"],"FromVersion":null,"ToVersion":null,"Algorithm":["ProgPoWEthercore","ProgPowQuai","ProgPowSero","ProgPowVeil","ProgPoWZ","vProgPoW"]}]},{"MinerName":"Wildrig","FromVersion":"0.38.4","ToVersion":"0.39.0","Algorithm":["x"],"Driver":[{"Vendor":"AMD","Arch":["RDNA"],"FromVersion":null,"ToVersion":null,"Algorithm":["HeavyHash"]},{"Vendor":"NVIDIA","Arch":null,"FromVersion":null,"ToVersion":null,"Algorithm":["HeavyHash"]}]},{"MinerName":"Wildrig","FromVersion":"0.39.0","ToVersion":"0.39.1","Algorithm":["CurveHash","MegaBTX","MemeHashV2","RWAHash","SkyDoge","X11k","X16r","X16rt","X16rv2","X16s","X17","X18","X20r","X21s","X22i","X25x","X33"]},{"MinerName":"Wildrig","FromVersion":"0.39.1","ToVersion":"0.39.2","Algorithm":["SkyDoge"]},{"MinerName":"Wildrig","FromVersion":"0.39.2","ToVersion":"0.39.4","Algorithm":["x"],"Driver":[{"Vendor":"NVIDIA","Arch":["Pascal","Turing"],"FromVersion":null,"ToVersion":null,"Algorithm":["MemeHashV2","SkyDoge","X11k","X16r","X16rt","X16rv2","X16s","X17","X18","X20r","X21s","X22i","X25x","X33"]}]},{"MinerName":"Wildrig","FromVersion":"0.39.4","ToVersion":"0.39.5","Algorithm":["x"],"Driver":[{"Vendor":"NVIDIA","Arch":null,"FromVersion":null,"ToVersion":null,"Algorithm":["Take2"]}]},{"MinerName":"Wildrig","FromVersion":"0.39.5","ToVersion":"0.39.6","Algorithm":["x"],"Driver":[{"Vendor":"NVIDIA","Arch":null,"FromVersion":null,"ToVersion":null,"Algorithm":["Anime","CurveHash","HMQ1725","NexaPoW","Take2"]}]},{"MinerName":"Wildrig","FromVersion":"0.39.6","ToVersion":"0.39.7","Algorithm":["x"]},{"MinerName":"Wildrig","FromVersion":"0.39.7","ToVersion":"0.39.8","Algorithm":["HeavyHash","X22i","X25x"]},{"MinerName":"Wildrig","FromVersion":"0.39.8","ToVersion":"0.39.9a","Algorithm":["MemeHash","SkyDoge"]},{"MinerName":"Wildrig","FromVersion":"0.39.9a","ToVersion":"0.39.9b","Algorithm":["MemeHash","SkyDoge"]},{"MinerName":"Wildrig","FromVersion":"0.39.9b","ToVersion":"0.39.9c","Algorithm":["x"]},{"MinerName":"Wildrig","FromVersion":"0.39.9c","ToVersion":"0.40.0a","Algorithm":["x"],"Driver":[{"Vendor":"NVIDIA","Arch":null,"FromVersion":null,"ToVersion":null,"Algorithm":["MemeHashV2","SkyDoge","X11k","X16r","X16rt","X16rv2","X16s","X17","X18","X20r","X21s","X22i","X25x","X33"]}]},{"MinerName":"Wildrig","FromVersion":"0.40.0a","ToVersion":"0.40.1a","Algorithm":["x"],"Driver":[{"Vendor":"NVIDIA","Arch":["Ampere"],"FromVersion":null,"ToVersion":null,"Algorithm":["MemeHashV2","SkyDoge"]}]},{"MinerName":"Wildrig","FromVersion":"0.40.1a","ToVersion":"0.40.5","Algorithm":["x"],"Driver":[{"Vendor":"INTEL","Arch":null,"FromVersion":null,"ToVersion":null,"Algorithm":["KawPow","MemeHashV2","SkyDoge","X11k","X16r","X16rt","X16rv2","X16s","X17","X18","X20r","X21s","X22i","X25x","X33"]}]},{"MinerName":"Wildrig","FromVersion":"0.40.5","ToVersion":"0.40.6","Algorithm":["x"]},{"MinerName":"Wildrig","FromVersion":"0.40.6","ToVersion":"0.40.7","Algorithm":["x"]},{"MinerName":"Wildrig","FromVersion":"0.40.7","ToVersion":"0.40.8","Algorithm":["Meraki"]},{"MinerName":"Wildrig","FromVersion":"0.40.8","ToVersion":"0.40.9","Algorithm":["x"]},{"MinerName":"Wildrig","FromVersion":"0.40.9","ToVersion":"0.41.1","Algorithm":["x"]},{"MinerName":"Wildrig","FromVersion":"0.41.1","ToVersion":"0.41.2","Algorithm":["PhiHash"]},{"MinerName":"Wildrig","FromVersion":"0.41.2","ToVersion":"0.41.5","Algorithm":["x"]},{"MinerName":"Wildrig","FromVersion":"0.41.5","ToVersion":"0.41.8","Algorithm":["x"]},{"MinerName":"Wildrig","FromVersion":"0.41.8","ToVersion":"0.41.9","Algorithm":["x"]},{"MinerName":"Wildrig","FromVersion":"0.41.9","ToVersion":"0.42.0","Algorithm":["x"],"Driver":[{"Vendor":"NVIDIA","Arch":["Blackwell"],"FromVersion":null,"ToVersion":null,"Algorithm":["*"]}]},{"MinerName":"Wildrig","FromVersion":"0.42.0","ToVersion":"0.42.1","Algorithm":["x"]},{"MinerName":"Wildrig","FromVersion":"0.42.1","ToVersion":"0.42.2","Algorithm":["x"],"Driver":[{"Vendor":"NVIDIA","Arch":["Blackwell"],"FromVersion":null,"ToVersion":null,"Algorithm":["*"]}]},{"MinerName":"Wildrig","FromVersion":"0.42.2","ToVersion":"0.42.3","Algorithm":["ProgPowQuai"]},{"MinerName":"Wildrig","FromVersion":"0.42.3","ToVersion":"0.42.4","Algorithm":["x"]},{"MinerName":"Wildrig","FromVersion":"0.42.4","ToVersion":"0.42.5","Algorithm":["x"],"Driver":[{"Vendor":"AMD","Arch":null,"FromVersion":null,"ToVersion":null,"Algorithm":["ProgPowEthercore","ProgPowQuai","ProgPowSero","Meraki","ProgPowVeil","ProgPowZ"]}]},{"MinerName":"Wildrig","FromVersion":"0.42.5","ToVersion":"0.42.6","Algorithm":["ProgPowEthercore","ProgPowQuai","ProgPowSero","Meraki","ProgPowVeil","ProgPowZ"]},{"MinerName":"Wildrig","FromVersion":"0.42.6","ToVersion":"0.42.7","Algorithm":["x"]},{"MinerName":"Wildrig","FromVersion":"0.42.7","ToVersion":"0.43.0","Algorithm":["x"]},{"MinerName":"Wildrig","FromVersion":"0.43.0","ToVersion":"0.43.1","Algorithm":["x"]},{"MinerName":"Wildrig","FromVersion":"0.43.1","ToVersion":"0.43.2","Algorithm":["x"]},{"MinerName":"Wildrig","FromVersion":"0.43.2","ToVersion":"0.43.4","Algorithm":["x"]},{"MinerName":"Wildrig","FromVersion":"0.43.4","ToVersion":"0.43.5","Algorithm":["Qhash"]},{"MinerName":"Wildrig","FromVersion":"0.43.5","ToVersion":"0.43.6","Algorithm":["Qhash"]},{"MinerName":"Wildrig","FromVersion":"0.43.6","ToVersion":"0.43.7","Algorithm":["Qhash"]},{"MinerName":"Wildrig","FromVersion":"0.43.7","ToVersion":"0.43.8","Algorithm":["Qhash"]},{"MinerName":"Wildrig","FromVersion":"0.43.8","ToVersion":"0.43.9","Algorithm":["Qhash"]},{"MinerName":"Wildrig","FromVersion":"0.43.9","ToVersion":"0.44.0","Algorithm":["Qhash"]},{"MinerName":"Wildrig","FromVersion":"0.44.0","ToVersion":"0.44.1","Algorithm":["Qhash"]},{"MinerName":"Wildrig","FromVersion":"0.44.1","ToVersion":"0.44.2","Algorithm":["Qhash"]},{"MinerName":"Wildrig","FromVersion":"0.44.2","ToVersion":"0.44.4","Algorithm":["Qhash"]},{"MinerName":"Wildrig","FromVersion":"0.44.4","ToVersion":"0.44.5","Algorithm":["Qhash"]},{"MinerName":"Wildrig","FromVersion":"0.44.5","ToVersion":"0.44.6","Algorithm":["Qhash"],"Driver":[{"Vendor":"NVIDIA","Arch":["Hopper"],"FromVersion":null,"ToVersion":null,"Algorithm":["*"]}]},{"MinerName":"Wildrig","FromVersion":"0.44.6","ToVersion":"0.44.8","Algorithm":["Qhash"]},{"MinerName":"Wildrig","FromVersion":"0.44.8","ToVersion":"0.45.0","Algorithm":["Qhash"]},{"MinerName":"Wildrig","FromVersion":"0.45.0","ToVersion":"0.45.2","Algorithm":["Qhash"]},{"MinerName":"Wildrig","FromVersion":"0.45.2","ToVersion":"0.45.3","Algorithm":["Qhash"]},{"MinerName":"Wildrig","FromVersion":"0.45.3","ToVersion":"0.45.4","Algorithm":["Qhash"]},{"MinerName":"Wildrig","FromVersion":"0.45.4","ToVersion":"0.45.5","Algorithm":["Qhash"]},{"MinerName":"Wildrig","FromVersion":"0.45.5","ToVersion":"0.45.6","Algorithm":["Qhash"]},{"MinerName":"Wildrig","FromVersion":"0.45.6","ToVersion":"0.45.7","Algorithm":["Qhash"]},{"MinerName":"Wildrig","FromVersion":"0.45.7","ToVersion":"0.45.8","Algorithm":["Qhash"]},{"MinerName":"Wildrig","FromVersion":"0.45.8","ToVersion":"0.45.9","Algorithm":["Qhash"]},{"MinerName":"Wildrig","FromVersion":"0.45.9","ToVersion":"0.46.0","Algorithm":["Qhash"]},{"MinerName":"Wildrig","FromVersion":"0.46.0","ToVersion":"0.46.1","Algorithm":["Qhash"]},{"MinerName":"Wildrig","FromVersion":"0.46.1","ToVersion":"0.46.2","Algorithm":["Qhash"]},{"MinerName":"Wildrig","FromVersion":"0.46.2","ToVersion":"0.46.4","Algorithm":["Qhash"]},{"MinerName":"Wildrig","FromVersion":"0.46.4","ToVersion":"0.46.5","Algorithm":["Qhash"]},{"MinerName":"Wildrig","FromVersion":"0.46.5","ToVersion":"0.46.6","Algorithm":["Qhash"]},{"MinerName":"Wildrig","FromVersion":"0.46.6","ToVersion":"0.46.7","Algorithm":["Qhash"]},{"MinerName":"Wildrig","FromVersion":"0.46.7","ToVersion":"0.47.1","Algorithm":["Qhash"]},{"MinerName":"Wildrig","FromVersion":"0.47.1","ToVersion":"0.47.2","Algorithm":["Qhash"]},{"MinerName":"Wildrig","FromVersion":"0.47.2","ToVersion":"0.47.4","Algorithm":["Qhash"]},{"MinerName":"Wildrig","FromVersion":"0.47.4","ToVersion":"0.47.5","Algorithm":["FiroPoW","Qhash"]},{"MinerName":"Wildrig","FromVersion":"0.47.5","ToVersion":"0.47.6","Algorithm":["Qhash"]},{"MinerName":"Wildrig","FromVersion":"0.47.6","ToVersion":"0.47.7","Algorithm":["Qhash"]},{"MinerName":"Wildrig","FromVersion":"0.47.7","ToVersion":"0.47.8","Algorithm":["Qhash"]},{"MinerName":"Wildrig","FromVersion":"0.47.8","ToVersion":"0.47.9","Algorithm":["Qhash"]},{"MinerName":"WildrigBeta","FromVersion":"0.35.2b","ToVersion":"0.36.0b","Algorithm":["*"]},{"MinerName":"Xmrig","FromVersion":"6.18.0","ToVersion":"6.18.1","Algorithm":["RandomX"]},{"MinerName":"Xmrig","FromVersion":"6.18.1","ToVersion":"6.19.0","Algorithm":["RandomX"]},{"MinerName":"Xmrig","FromVersion":"6.19.0","ToVersion":"6.19.0m","Algorithm":["x"]},{"MinerName":"Xmrig","FromVersion":"6.19.0m","ToVersion":"6.19.1","Algorithm":["x"]},{"MinerName":"Xmrig","FromVersion":"6.19.1","ToVersion":"6.19.2","Algorithm":["x"]},{"MinerName":"Xmrig","FromVersion":"6.19.2","ToVersion":"6.19.3","Algorithm":["RandomX"]},{"MinerName":"Xmrig","FromVersion":"6.19.3","ToVersion":"6.20.0","Algorithm":["x"]},{"MinerName":"Xmrig","FromVersion":"6.20.0","ToVersion":"6.21.0","Algorithm":["x"]},{"MinerName":"Xmrig","FromVersion":"6.21.0","ToVersion":"6.21.1","Algorithm":["x"]},{"MinerName":"Xmrig","FromVersion":"6.21.1","ToVersion":"6.21.2","Algorithm":["x"]},{"MinerName":"Xmrig","FromVersion":"6.21.2","ToVersion":"6.21.3","Algorithm":["RandomX"]},{"MinerName":"Xmrig","FromVersion":"6.21.3","ToVersion":"6.21.3.5","Algorithm":["x"]},{"MinerName":"Xmrig","FromVersion":"6.21.3.5","ToVersion":"6.21.3.11","Algorithm":["Flex"]},{"MinerName":"Xmrig","FromVersion":"6.21.3.11","ToVersion":"6.21.3.14","Algorithm":["Flex"]},{"MinerName":"Xmrig","FromVersion":"6.21.3.14","ToVersion":"6.21.3.15","Algorithm":["x"]},{"MinerName":"Xmrig","FromVersion":"6.21.3.15","ToVersion":"6.22.0","Algorithm":["x"]},{"MinerName":"Xmrig","FromVersion":"6.22.0","ToVersion":"6.22.0.2","Algorithm":["x"]},{"MinerName":"Xmrig","FromVersion":"6.22.0.2","ToVersion":"6.22.0.3","Algorithm":["x"]},{"MinerName":"Xmrig","FromVersion":"6.22.0.3","ToVersion":"6.22.1","Algorithm":["RandomX"]},{"MinerName":"Xmrig","FromVersion":"6.22.1","ToVersion":"6.22.2","Algorithm":["x"]},{"MinerName":"Xmrig","FromVersion":"6.22.2","ToVersion":"6.22.3","Algorithm":["x"]},{"MinerName":"Xmrig","FromVersion":"6.22.3","ToVersion":"6.23.0","Algorithm":["x"]},{"MinerName":"Xmrig","FromVersion":"6.23.0","ToVersion":"6.24.0","Algorithm":["x"]},{"MinerName":"Xmrig","FromVersion":"6.24.0","ToVersion":"6.25.0","Algorithm":["x"]},{"MinerName":"Xmrig","FromVersion":"6.25.0","ToVersion":"6.25.0.1","Algorithm":["x"]},{"MinerName":"Xmrig","FromVersion":"6.25.0.1","ToVersion":"6.25.0.2","Algorithm":["Flex","Take2","Panthera","RandomXEQ"]},{"MinerName":"XmrigCC","FromVersion":"3.4.2","ToVersion":"3.4.6","Algorithm":["x"]},{"MinerName":"XmrigCC","FromVersion":"3.4.6","ToVersion":"3.4.8","Algorithm":["x"]},{"MinerName":"XmrigCC","FromVersion":"3.4.8","ToVersion":"3.4.9","Algorithm":["x"]}]
