{"Yespower2b-CPU":{"Hashrate":298.37,"Names":["CpuminerJayddee-CPU#00_Yespower2b_Hashrate","CpuminerPower-CPU#00_Yespower2b_Hashrate","CpuminerRplant-CPU#00_Yespower2b_Hashrate"],"Miner":["CpuminerJayddee","CpuminerPower","CpuminerRplant"]},"ScryptN2-CPU":{"Hashrate":32.68,"Names":["CpuminerJayddee-CPU#00_ScryptN2_Hashrate","CpuminerVerium-CPU#00_ScryptN2_Hashrate"],"Miner":["CpuminerJayddee","CpuminerVerium"]},"YespowerTIDE-CPU":{"Hashrate":801.1,"Names":["CpuminerJayddee-CPU#00_YespowerTIDE_Hashrate","CpuminerRplant-CPU#00_YespowerTIDE_Hashrate"],"Miner":["CpuminerJayddee","CpuminerRplant"]},"Flex-CPU":{"Hashrate":66.51,"Names":["Xmrig-CPU#00_Flex_Hashrate"],"Miner":["Xmrig"]},"YespowerADVC-CPU":{"Hashrate":215.91,"Names":["CpuminerJayddee-CPU#00_YespowerADVC_Hashrate","CpuminerKudaraidee-CPU#00_YespowerADVC_Hashrate"],"Miner":["CpuminerJayddee","CpuminerKudaraidee"]},"YescryptR8-CPU":{"Hashrate":603.05,"Names":["CpuminerJayddee-CPU#00_YescryptR8_Hashrate","CpuminerRKZ-CPU#00_YescryptR8_Hashrate","CpuminerRplant-CPU#00_YescryptR8_Hashrate"],"Miner":["CpuminerJayddee","CpuminerRKZ","CpuminerRplant"]},"VertHash-CPU":{"Hashrate":1750.77,"Names":["CpuminerJayddee-CPU#00_VertHash_Hashrate"],"Miner":["CpuminerJayddee"]},"Rinhash-CPU":{"Hashrate":15358.61,"Names":["CpuminerKudaraidee-CPU#00_Rinhash_Hashrate"],"Miner":["CpuminerKudaraidee"]},"Take2-CPU":{"Hashrate":79.48,"Names":["CpuminerRplant-CPU#00_Take2_Hashrate","CpuminerTake2-CPU#00_Take2_Hashrate","CpuminerWyvern-CPU#00_Take2_Hashrate","Xmrig-CPU#00_Take2_Hashrate","XmrigCC-CPU#00_Take2_Hashrate"],"Miner":["CpuminerRplant","CpuminerTake2","CpuminerWyvern","Xmrig","XmrigCC"]},"YespowerR16-CPU":{"Hashrate":197.57,"Names":["CpuminerJayddee-CPU#00_YespowerR16_Hashrate","CpuminerPower-CPU#00_YespowerR16_Hashrate","CpuminerRplant-CPU#00_YespowerR16_Hashrate"],"Miner":["CpuminerJayddee","CpuminerPower","CpuminerRplant"]},"YescryptR16-CPU":{"Hashrate":164.67,"Names":["CpuminerJayddee-CPU#00_YescryptR16_Hashrate","CpuminerRKZ-CPU#00_YescryptR16_Hashrate","CpuminerRplant-CPU#00_YescryptR16_Hashrate"],"Miner":["CpuminerJayddee","CpuminerRKZ","CpuminerRplant"]},"Yescrypt-CPU":{"Hashrate":623.1,"Names":["CpuminerJayddee-CPU#00_Yescrypt_Hashrate","CpuminerRKZ-CPU#00_Yescrypt_Hashrate"],"Miner":["CpuminerJayddee","CpuminerRKZ"]},"YescryptR32-CPU":{"Hashrate":127.43,"Names":["CpuminerJayddee-CPU#00_YescryptR32_Hashrate","CpuminerRKZ-CPU#00_YescryptR32_Hashrate","CpuminerRplant-CPU#00_YescryptR32_Hashrate"],"Miner":["CpuminerJayddee","CpuminerRKZ","CpuminerRplant"]},"Yespower-CPU":{"Hashrate":217.98,"Names":["CpuminerJayddee-CPU#00_Yespower_Hashrate","CpuminerPower-CPU#00_Yespower_Hashrate","CpuminerRplant-CPU#00_Yespower_Hashrate"],"Miner":["CpuminerJayddee","CpuminerPower","CpuminerRplant"]},"Argon2d16000-CPU":{"Hashrate":93.67,"Names":["CpuminerJayddee-CPU#00_Argon2d16000_Hashrate"],"Miner":["CpuminerJayddee"]},"Argon2d1000-CPU":{"Hashrate":1220.73,"Names":["CpuminerJayddee-CPU#00_Argon2d1000_Hashrate"],"Miner":["CpuminerJayddee"]},"YespowerURX-CPU":{"Hashrate":169.82,"Names":["CpuminerJayddee-CPU#00_YespowerURX_Hashrate","CpuminerRplant-CPU#00_YespowerURX_Hashrate"],"Miner":["CpuminerJayddee","CpuminerRplant"]},"SHA512256d-CPU":{"Hashrate":3186307.43,"Names":["CpuminerJayddee-CPU#00_SHA512256d_Hashrate"],"Miner":["CpuminerJayddee"]},"Mike-CPU":{"Hashrate":73.38,"Names":["CpuminerRplant-CPU#00_Mike_Hashrate","XmrigCC-CPU#00_Mike_Hashrate"],"Miner":["CpuminerRplant","XmrigCC"]},"VerusHash-CPU":{"Hashrate":1167509.24,"Names":["CpuminerVerus-CPU#00_VerusHash_Hashrate","Nanominer-CPU#00_VerusHash_Hashrate"],"Miner":["CpuminerVerus","Nanominer"]},"MinotaurX-CPU":{"Hashrate":811.52,"Names":["CpuminerJayddee-CPU#00_MinotaurX_Hashrate","CpuminerRplant-CPU#00_MinotaurX_Hashrate"],"Miner":["CpuminerJayddee","CpuminerRplant"]},"XelisV2Pepew-CPU":{"Hashrate":887.25,"Names":["CpuminerKudaraidee-CPU#00_XelisV2Pepew_Hashrate"],"Miner":["CpuminerKudaraidee"]},"YespowerSUGAR-CPU":{"Hashrate":195.47,"Names":["CpuminerJayddee-CPU#00_YespowerSUGAR_Hashrate","CpuminerKudaraidee-CPU#00_YespowerSUGAR_Hashrate","CpuminerRplant-CPU#00_YespowerSUGAR_Hashrate"],"Miner":["CpuminerJayddee","CpuminerKudaraidee","CpuminerRplant"]}}