{"Miners":[{"Name":"CpuminerJayddee","Version":"25.7","Algorithm":"Argon2d1000","DeviceName":"CPU#00","DeviceModel":"CPU","HashRate":1220.7287692307698,"PowerDraw":12,"OCProfile":""},{"Name":"CpuminerJayddee","Version":"25.7","Algorithm":"Argon2d16000","DeviceName":"CPU#00","DeviceModel":"CPU","HashRate":93.672352941176442,"PowerDraw":11,"OCProfile":""},{"Name":"CpuminerJayddee","Version":"25.7","Algorithm":"MinotaurX","DeviceName":"CPU#00","DeviceModel":"CPU","HashRate":759.610333333333,"PowerDraw":44,"OCProfile":""},{"Name":"CpuminerJayddee","Version":"25.7","Algorithm":"Yespower2b","DeviceName":"CPU#00","DeviceModel":"CPU","HashRate":156.877619047619,"PowerDraw":44,"OCProfile":""},{"Name":"CpuminerJayddee","Version":"25.7","Algorithm":"ScryptN2","DeviceName":"CPU#00","DeviceModel":"CPU","HashRate":32.6775,"PowerDraw":44,"OCProfile":""},{"Name":"CpuminerJayddee","Version":"25.7","Algorithm":"SHA512256d","DeviceName":"CPU#00","DeviceModel":"CPU","HashRate":3186307.42532258,"PowerDraw":34,"OCProfile":""},{"Name":"CpuminerJayddee","Version":"25.7","Algorithm":"VertHash","DeviceName":"CPU#00","DeviceModel":"CPU","HashRate":1750.77038461538,"PowerDraw":44,"OCProfile":""},{"Name":"CpuminerJayddee","Version":"25.7","Algorithm":"Yescrypt","DeviceName":"CPU#00","DeviceModel":"CPU","HashRate":623.104634146341,"PowerDraw":38,"OCProfile":""},{"Name":"CpuminerJayddee","Version":"25.7","Algorithm":"YescryptR16","DeviceName":"CPU#00","DeviceModel":"CPU","HashRate":164.671780391878,"PowerDraw":41.87571175210762,"OCProfile":""},{"Name":"CpuminerJayddee","Version":"25.7","Algorithm":"YescryptR32","DeviceName":"CPU#00","DeviceModel":"CPU","HashRate":127.427291666667,"PowerDraw":43,"OCProfile":""},{"Name":"CpuminerJayddee","Version":"25.7","Algorithm":"YescryptR8","DeviceName":"CPU#00","DeviceModel":"CPU","HashRate":567.263278688524,"PowerDraw":48,"OCProfile":""},{"Name":"CpuminerJayddee","Version":"25.7","Algorithm":"Yespower","DeviceName":"CPU#00","DeviceModel":"CPU","HashRate":217.98415384615413,"PowerDraw":16,"OCProfile":""},{"Name":"CpuminerJayddee","Version":"25.7","Algorithm":"YespowerADVC","DeviceName":"CPU#00","DeviceModel":"CPU","HashRate":215.906935483871,"PowerDraw":30,"OCProfile":""},{"Name":"CpuminerJayddee","Version":"25.7","Algorithm":"YespowerR16","DeviceName":"CPU#00","DeviceModel":"CPU","HashRate":170.050754716981,"PowerDraw":40,"OCProfile":""},{"Name":"CpuminerJayddee","Version":"25.7","Algorithm":"YespowerSUGAR","DeviceName":"CPU#00","DeviceModel":"CPU","HashRate":189.07941788719,"PowerDraw":44.408704524852581,"OCProfile":""},{"Name":"CpuminerJayddee","Version":"25.7","Algorithm":"YespowerTIDE","DeviceName":"CPU#00","DeviceModel":"CPU","HashRate":740.441636363637,"PowerDraw":47,"OCProfile":""},{"Name":"CpuminerJayddee","Version":"25.7","Algorithm":"YespowerURX","DeviceName":"CPU#00","DeviceModel":"CPU","HashRate":163.333936570465,"PowerDraw":43.213813581993804,"OCProfile":""},{"Name":"CpuminerKudaraidee","Version":"1.2.4","Algorithm":"Rinhash","DeviceName":"CPU#00","DeviceModel":"CPU","HashRate":27004.1411428571,"PowerDraw":40,"OCProfile":""},{"Name":"CpuminerKudaraidee","Version":"1.2.4","Algorithm":"XelisV2Pepew","DeviceName":"CPU#00","DeviceModel":"CPU","HashRate":887.253333333333,"PowerDraw":35,"OCProfile":""},{"Name":"CpuminerKudaraidee","Version":"1.2.4","Algorithm":"YespowerADVC","DeviceName":"CPU#00","DeviceModel":"CPU","HashRate":215.562741935484,"PowerDraw":25,"OCProfile":""},{"Name":"CpuminerKudaraidee","Version":"1.2.4","Algorithm":"YespowerSUGAR","DeviceName":"CPU#00","DeviceModel":"CPU","HashRate":195.467104138736,"PowerDraw":35.707684040191815,"OCProfile":""},{"Name":"CpuminerPower","Version":"1.4","Algorithm":"Yespower2b","DeviceName":"CPU#00","DeviceModel":"CPU","HashRate":173.343759105023,"PowerDraw":40.673627054887682,"OCProfile":""},{"Name":"CpuminerPower","Version":"1.4","Algorithm":"Yespower","DeviceName":"CPU#00","DeviceModel":"CPU","HashRate":200.451224489796,"PowerDraw":42,"OCProfile":""},{"Name":"CpuminerPower","Version":"1.4","Algorithm":"YespowerR16","DeviceName":"CPU#00","DeviceModel":"CPU","HashRate":182.192307692308,"PowerDraw":41,"OCProfile":""},{"Name":"CpuminerRKZ","Version":"3.9.7c","Algorithm":"Yescrypt","DeviceName":"CPU#00","DeviceModel":"CPU","HashRate":0,"PowerDraw":31,"OCProfile":""},{"Name":"CpuminerRKZ","Version":"3.9.7c","Algorithm":"YescryptR16","DeviceName":"CPU#00","DeviceModel":"CPU","HashRate":143.062,"PowerDraw":39,"OCProfile":""},{"Name":"CpuminerRKZ","Version":"3.9.7c","Algorithm":"YescryptR32","DeviceName":"CPU#00","DeviceModel":"CPU","HashRate":0,"PowerDraw":34,"OCProfile":""},{"Name":"CpuminerRKZ","Version":"3.9.7c","Algorithm":"YescryptR8","DeviceName":"CPU#00","DeviceModel":"CPU","HashRate":603.053898305085,"PowerDraw":41,"OCProfile":""},{"Name":"CpuminerRplant","Version":"5.0.41","Algorithm":"Take2","DeviceName":"CPU#00","DeviceModel":"CPU","HashRate":57.045125,"PowerDraw":46,"OCProfile":""},{"Name":"CpuminerRplant","Version":"5.0.41","Algorithm":"Mike","DeviceName":"CPU#00","DeviceModel":"CPU","HashRate":73.383711280447,"PowerDraw":41.822655106005449,"OCProfile":""},{"Name":"CpuminerRplant","Version":"5.0.41","Algorithm":"MinotaurX","DeviceName":"CPU#00","DeviceModel":"CPU","HashRate":808.503620450922,"PowerDraw":43.074239250193116,"OCProfile":""},{"Name":"CpuminerRplant","Version":"5.0.41","Algorithm":"YescryptR16","DeviceName":"CPU#00","DeviceModel":"CPU","HashRate":153.570862068966,"PowerDraw":41,"OCProfile":""},{"Name":"CpuminerRplant","Version":"5.0.41","Algorithm":"YescryptR32","DeviceName":"CPU#00","DeviceModel":"CPU","HashRate":0,"PowerDraw":42,"OCProfile":""},{"Name":"CpuminerRplant","Version":"5.0.41","Algorithm":"YescryptR8","DeviceName":"CPU#00","DeviceModel":"CPU","HashRate":547.765,"PowerDraw":30,"OCProfile":""},{"Name":"CpuminerRplant","Version":"5.0.41","Algorithm":"Yespower","DeviceName":"CPU#00","DeviceModel":"CPU","HashRate":176.954905660377,"PowerDraw":34,"OCProfile":""},{"Name":"CpuminerRplant","Version":"5.0.41","Algorithm":"YespowerR16","DeviceName":"CPU#00","DeviceModel":"CPU","HashRate":196.570996553919,"PowerDraw":43.384498862669986,"OCProfile":""},{"Name":"CpuminerRplant","Version":"5.0.41","Algorithm":"YespowerSUGAR","DeviceName":"CPU#00","DeviceModel":"CPU","HashRate":175.517450980392,"PowerDraw":41,"OCProfile":""},{"Name":"CpuminerRplant","Version":"5.0.41","Algorithm":"YespowerTIDE","DeviceName":"CPU#00","DeviceModel":"CPU","HashRate":801.098996405727,"PowerDraw":36.168687988580963,"OCProfile":""},{"Name":"CpuminerRplant","Version":"5.0.41","Algorithm":"YespowerURX","DeviceName":"CPU#00","DeviceModel":"CPU","HashRate":169.817761926874,"PowerDraw":39.028970121456695,"OCProfile":""},{"Name":"CpuminerRplant","Version":"5.0.41","Algorithm":"Yespower2b","DeviceName":"CPU#00","DeviceModel":"CPU","HashRate":298.37246747382,"PowerDraw":41.045344420075537,"OCProfile":""},{"Name":"CpuminerTake2","Version":"2.0","Algorithm":"Take2","DeviceName":"CPU#00","DeviceModel":"CPU","HashRate":15.5880681818182,"PowerDraw":39,"OCProfile":""},{"Name":"CpuminerVerium","Version":"1.4","Algorithm":"ScryptN2","DeviceName":"CPU#00","DeviceModel":"CPU","HashRate":0,"PowerDraw":38,"OCProfile":""},{"Name":"CpuminerVerus","Version":"3.8.3","Algorithm":"VerusHash","DeviceName":"CPU#00","DeviceModel":"CPU","HashRate":1063280,"PowerDraw":48,"OCProfile":""},{"Name":"CpuminerWyvern","Version":"1.2.4.1","Algorithm":"Take2","DeviceName":"CPU#00","DeviceModel":"CPU","HashRate":67.8584210526315,"PowerDraw":41,"OCProfile":""},{"Name":"Nanominer","Version":"3.10.0","Algorithm":"VerusHash","DeviceName":"CPU#00","DeviceModel":"CPU","HashRate":1167509.23664533,"PowerDraw":42.75700047606469,"OCProfile":""},{"Name":"Xmrig","Version":"6.24.0","Algorithm":"Flex","DeviceName":"CPU#00","DeviceModel":"CPU","HashRate":66.5095348837209,"PowerDraw":48,"OCProfile":""},{"Name":"Xmrig","Version":"6.24.0","Algorithm":"Take2","DeviceName":"CPU#00","DeviceModel":"CPU","HashRate":79.479,"PowerDraw":47,"OCProfile":""},{"Name":"XmrigCC","Version":"3.4.6","Algorithm":"Take2","DeviceName":"CPU#00","DeviceModel":"CPU","HashRate":51.843768115942,"PowerDraw":43,"OCProfile":""},{"Name":"XmrigCC","Version":"3.4.6","Algorithm":"Mike","DeviceName":"CPU#00","DeviceModel":"CPU","HashRate":0,"PowerDraw":0,"OCProfile":""}],"OCprofiles":{"Profile1":{"PowerLimit":0,"ThermalLimit":0,"PriorizeThermalLimit":0,"MemoryClockBoost":"*","CoreClockBoost":"*","LockVoltagePoint":"*","PreCmd":"","PreCmdArguments":"","PostCmd":"","PostCmdArguments":"","LockMemoryClock":"*","LockCoreClock":"*"},"Profile1-GTX1050Ti":{"PowerLimit":0,"ThermalLimit":0,"PriorizeThermalLimit":0,"MemoryClockBoost":"*","CoreClockBoost":"*","LockVoltagePoint":"*","PreCmd":"","PreCmdArguments":"","PostCmd":"","PostCmdArguments":"","LockMemoryClock":"*","LockCoreClock":"*"},"Profile1-HDGraphics630":{"PowerLimit":0,"ThermalLimit":0,"PriorizeThermalLimit":0,"MemoryClockBoost":"*","CoreClockBoost":"*","LockVoltagePoint":"*","PreCmd":"","PreCmdArguments":"","PostCmd":"","PostCmdArguments":"","LockMemoryClock":"*","LockCoreClock":"*"},"Profile2":{"PowerLimit":0,"ThermalLimit":0,"PriorizeThermalLimit":0,"MemoryClockBoost":"*","CoreClockBoost":"*","LockVoltagePoint":"*","PreCmd":"","PreCmdArguments":"","PostCmd":"","PostCmdArguments":"","LockMemoryClock":"*","LockCoreClock":"*"},"Profile2-GTX1050Ti":{"PowerLimit":0,"ThermalLimit":0,"PriorizeThermalLimit":0,"MemoryClockBoost":"*","CoreClockBoost":"*","LockVoltagePoint":"*","PreCmd":"","PreCmdArguments":"","PostCmd":"","PostCmdArguments":"","LockMemoryClock":"*","LockCoreClock":"*"},"Profile2-HDGraphics630":{"PowerLimit":0,"ThermalLimit":0,"PriorizeThermalLimit":0,"MemoryClockBoost":"*","CoreClockBoost":"*","LockVoltagePoint":"*","PreCmd":"","PreCmdArguments":"","PostCmd":"","PostCmdArguments":"","LockMemoryClock":"*","LockCoreClock":"*"},"Profile3":{"PowerLimit":0,"ThermalLimit":0,"PriorizeThermalLimit":0,"MemoryClockBoost":"*","CoreClockBoost":"*","LockVoltagePoint":"*","PreCmd":"","PreCmdArguments":"","PostCmd":"","PostCmdArguments":"","LockMemoryClock":"*","LockCoreClock":"*"},"Profile3-GTX1050Ti":{"PowerLimit":0,"ThermalLimit":0,"PriorizeThermalLimit":0,"MemoryClockBoost":"*","CoreClockBoost":"*","LockVoltagePoint":"*","PreCmd":"","PreCmdArguments":"","PostCmd":"","PostCmdArguments":"","LockMemoryClock":"*","LockCoreClock":"*"},"Profile3-HDGraphics630":{"PowerLimit":0,"ThermalLimit":0,"PriorizeThermalLimit":0,"MemoryClockBoost":"*","CoreClockBoost":"*","LockVoltagePoint":"*","PreCmd":"","PreCmdArguments":"","PostCmd":"","PostCmdArguments":"","LockMemoryClock":"*","LockCoreClock":"*"},"Profile4":{"PowerLimit":0,"ThermalLimit":0,"PriorizeThermalLimit":0,"MemoryClockBoost":"*","CoreClockBoost":"*","LockVoltagePoint":"*","PreCmd":"","PreCmdArguments":"","PostCmd":"","PostCmdArguments":"","LockMemoryClock":"*","LockCoreClock":"*"},"Profile4-GTX1050Ti":{"PowerLimit":0,"ThermalLimit":0,"PriorizeThermalLimit":0,"MemoryClockBoost":"*","CoreClockBoost":"*","LockVoltagePoint":"*","PreCmd":"","PreCmdArguments":"","PostCmd":"","PostCmdArguments":"","LockMemoryClock":"*","LockCoreClock":"*"},"Profile4-HDGraphics630":{"PowerLimit":0,"ThermalLimit":0,"PriorizeThermalLimit":0,"MemoryClockBoost":"*","CoreClockBoost":"*","LockVoltagePoint":"*","PreCmd":"","PreCmdArguments":"","PostCmd":"","PostCmdArguments":"","LockMemoryClock":"*","LockCoreClock":"*"},"Profile5":{"PowerLimit":0,"ThermalLimit":0,"PriorizeThermalLimit":0,"MemoryClockBoost":"*","CoreClockBoost":"*","LockVoltagePoint":"*","PreCmd":"","PreCmdArguments":"","PostCmd":"","PostCmdArguments":"","LockMemoryClock":"*","LockCoreClock":"*"},"Profile5-GTX1050Ti":{"PowerLimit":0,"ThermalLimit":0,"PriorizeThermalLimit":0,"MemoryClockBoost":"*","CoreClockBoost":"*","LockVoltagePoint":"*","PreCmd":"","PreCmdArguments":"","PostCmd":"","PostCmdArguments":"","LockMemoryClock":"*","LockCoreClock":"*"},"Profile5-HDGraphics630":{"PowerLimit":0,"ThermalLimit":0,"PriorizeThermalLimit":0,"MemoryClockBoost":"*","CoreClockBoost":"*","LockVoltagePoint":"*","PreCmd":"","PreCmdArguments":"","PostCmd":"","PostCmdArguments":"","LockMemoryClock":"*","LockCoreClock":"*"},"Profile6":{"PowerLimit":0,"ThermalLimit":0,"PriorizeThermalLimit":0,"MemoryClockBoost":"*","CoreClockBoost":"*","LockVoltagePoint":"*","PreCmd":"","PreCmdArguments":"","PostCmd":"","PostCmdArguments":"","LockMemoryClock":"*","LockCoreClock":"*"},"Profile6-GTX1050Ti":{"PowerLimit":0,"ThermalLimit":0,"PriorizeThermalLimit":0,"MemoryClockBoost":"*","CoreClockBoost":"*","LockVoltagePoint":"*","PreCmd":"","PreCmdArguments":"","PostCmd":"","PostCmdArguments":"","LockMemoryClock":"*","LockCoreClock":"*"},"Profile6-HDGraphics630":{"PowerLimit":0,"ThermalLimit":0,"PriorizeThermalLimit":0,"MemoryClockBoost":"*","CoreClockBoost":"*","LockVoltagePoint":"*","PreCmd":"","PreCmdArguments":"","PostCmd":"","PostCmdArguments":"","LockMemoryClock":"*","LockCoreClock":"*"},"Profile7":{"PowerLimit":0,"ThermalLimit":0,"PriorizeThermalLimit":0,"MemoryClockBoost":"*","CoreClockBoost":"*","LockVoltagePoint":"*","PreCmd":"","PreCmdArguments":"","PostCmd":"","PostCmdArguments":"","LockMemoryClock":"*","LockCoreClock":"*"},"Profile7-GTX1050Ti":{"PowerLimit":0,"ThermalLimit":0,"PriorizeThermalLimit":0,"MemoryClockBoost":"*","CoreClockBoost":"*","LockVoltagePoint":"*","PreCmd":"","PreCmdArguments":"","PostCmd":"","PostCmdArguments":"","LockMemoryClock":"*","LockCoreClock":"*"},"Profile7-HDGraphics630":{"PowerLimit":0,"ThermalLimit":0,"PriorizeThermalLimit":0,"MemoryClockBoost":"*","CoreClockBoost":"*","LockVoltagePoint":"*","PreCmd":"","PreCmdArguments":"","PostCmd":"","PostCmdArguments":"","LockMemoryClock":"*","LockCoreClock":"*"}},"CPU":"Intel(R) Core(TM) i7-7700HQ CPU @ 2.80GHz"}