[
  {
    "id": "5",
    "name": "eu-01.miningrigrentals.com",
    "region": "eu",
    "ipv4": [
      "188.166.37.58"
    ],
    "ipv6": [
      "2a03:b0c0:2:d0::34ab:4001"
    ],
    "port": "3333",
    "ethereum_port": "3344",
    "info": "Port information here is depreciated, please see /rig/port"
  },
  {
    "id": "7",
    "name": "eu-de01.miningrigrentals.com",
    "region": "eu-de",
    "ipv4": [
      "165.227.247.148"
    ],
    "ipv6": [
      "2a03:b0c0:3:d0::144:3001"
    ],
    "port": "3333",
    "ethereum_port": "3344",
    "info": "Port information here is depreciated, please see /rig/port"
  },
  {
    "id": "10",
    "name": "eu-de02.miningrigrentals.com",
    "region": "eu-de",
    "ipv4": [
      "165.227.153.169",
      "188.166.161.62"
    ],
    "ipv6": [
      "2a03:b0c0:3:d0::4c:9001"
    ],
    "port": "3333",
    "ethereum_port": "3344",
    "info": "Port information here is depreciated, please see /rig/port"
  },
  {
    "id": "9",
    "name": "eu-ru01.miningrigrentals.com",
    "region": "eu-ru",
    "ipv4": [
      "91.210.105.199"
    ],
    "ipv6": [
      "2a05:b80:0:291::a"
    ],
    "port": "3333",
    "ethereum_port": "3344",
    "info": "Port information here is depreciated, please see /rig/port"
  },
  {
    "id": "18",
    "name": "eu-uk01.miningrigrentals.com",
    "region": "eu-uk",
    "ipv4": [
      "104.238.174.143"
    ],
    "ipv6": [
      "2a05:f480:1000:209:5400:2ff:fed7:1e75"
    ],
    "port": "3333",
    "ethereum_port": "3344",
    "info": "Port information here is depreciated, please see /rig/port"
  },
  {
    "id": "6",
    "name": "us-central01.miningrigrentals.com",
    "region": "us-central",
    "ipv4": [
      "45.76.227.84"
    ],
    "ipv6": [
      "2001:19f0:5c01:83a:5400:1ff:fe3d:8eb3"
    ],
    "port": "3333",
    "ethereum_port": "3344",
    "info": "Port information here is depreciated, please see /rig/port"
  },
  {
    "id": "3",
    "name": "us-east01.miningrigrentals.com",
    "region": "us-east",
    "ipv4": [
      "104.131.104.33"
    ],
    "ipv6": [
      "2604:a880:800:10::1c00:4001"
    ],
    "port": "3333",
    "ethereum_port": "3344",
    "info": "Port information here is depreciated, please see /rig/port"
  },
  {
    "id": "17",
    "name": "us-nw01.miningrigrentals.com",
    "region": "us-nw",
    "ipv4": [
      "104.238.153.219"
    ],
    "ipv6": [
      "2001:19f0:8001:416:5400:02ff:fed7:1fbb"
    ],
    "port": "3333",
    "ethereum_port": "3344",
    "info": "Port information here is depreciated, please see /rig/port"
  },
  {
    "id": "19",
    "name": "us-south01.miningrigrentals.com",
    "region": "us-south",
    "ipv4": [
      "155.138.228.123"
    ],
    "ipv6": [
      "2001:19f0:5401:b4b:5400:02ff:fed7:20a4"
    ],
    "port": "3333",
    "ethereum_port": "3344",
    "info": "Port information here is depreciated, please see /rig/port"
  },
  {
    "id": "22",
    "name": "us-tx01.miningrigrentals.com",
    "region": "us-tx",
    "ipv4": [
      "144.202.65.232"
    ],
    "ipv6": [
      "2001:19f0:6401:158:5400:3ff:fed4:34f0"
    ],
    "port": "3333",
    "ethereum_port": "3344",
    "info": "Port information here is depreciated, please see /rig/port"
  },
  {
    "id": "4",
    "name": "us-west01.miningrigrentals.com",
    "region": "us-west",
    "ipv4": [
      "138.197.204.233"
    ],
    "ipv6": [
      "2604:a880:2:d0::122e:c001"
    ],
    "port": "3333",
    "ethereum_port": "3344",
    "info": "Port information here is depreciated, please see /rig/port"
  },
  {
    "id": "2",
    "name": "ap-01.miningrigrentals.com",
    "region": "ap",
    "ipv4": [
      "172.104.181.35"
    ],
    "ipv6": [
      "2400:8901::f03c:91ff:fed4:fb97"
    ],
    "port": "3333",
    "ethereum_port": "3344",
    "info": "Port information here is depreciated, please see /rig/port"
  },
  {
    "id": "16",
    "name": "au-01.miningrigrentals.com",
    "region": "au",
    "ipv4": [
      "139.180.175.143"
    ],
    "ipv6": [
      "2401:c080:1800:4782:5400:02ff:fed7:1dc6"
    ],
    "port": "3333",
    "ethereum_port": "3344",
    "info": "Port information here is depreciated, please see /rig/port"
  },
  {
    "id": "15",
    "name": "ca-tor01.miningrigrentals.com",
    "region": "ca",
    "ipv4": [
      "155.138.134.202"
    ],
    "ipv6": [
      "2001:19f0:b001:e93:5400:02ff:fed7:1df7"
    ],
    "port": "3333",
    "ethereum_port": "3344",
    "info": "Port information here is depreciated, please see /rig/port"
  },
  {
    "id": "25",
    "name": "hk-01.miningrigrentals.com",
    "region": "hk",
    "ipv4": [
      "5.188.33.83"
    ],
    "ipv6": [
      "2a03:90c0:2c6::ec"
    ],
    "port": "3333",
    "ethereum_port": "3344",
    "info": "Port information here is depreciated, please see /rig/port"
  },
  {
    "id": "21",
    "name": "in-01.miningrigrentals.com",
    "region": "in",
    "ipv4": [
      "139.59.2.141"
    ],
    "ipv6": [
      "2400:6180:100:d0::9ce:1"
    ],
    "port": "3333",
    "ethereum_port": "3344",
    "info": "Port information here is depreciated, please see /rig/port"
  },
  {
    "id": "12",
    "name": "jp-01.miningrigrentals.com",
    "region": "jp",
    "ipv4": [
      "167.179.76.62"
    ],
    "ipv6": [
      "2001:19f0:7001:5500:5400:02ff:fed7:1823"
    ],
    "port": "3333",
    "ethereum_port": "3344",
    "info": "Port information here is depreciated, please see /rig/port"
  },
  {
    "id": "23",
    "name": "sa-br01.miningrigrentals.com",
    "region": "sa-br",
    "ipv4": [
      "216.238.102.232"
    ],
    "ipv6": [
      "2001:19f0:b800:12df:5400:3ff:fec9:ac05"
    ],
    "port": "3333",
    "ethereum_port": "3344",
    "info": "Port information here is depreciated, please see /rig/port"
  }
]
