{"Blackwell":{"Compute":["10.0"],"Model":["^RTX50\\d{2}","^GB\\d"]},"Hopper":{"Compute":["9.0"],"Model":["^H\\d","^GH\\d"]},"Ada":{"Compute":["8.9"],"Model":["^RTX40\\d{2}","^RTX6000A","^AD"]},"Ampere":{"Compute":["8.0","8.6"],"Model":["^RTX30\\d{2}","^RTXA\\d{4}","^MX570","^RTX2050M","^GRIDA100","^A\\d","^PG506","^CMP[79]0","^CMP170","^AM"]},"Turing":{"Compute":["7.5"],"Model":["^RTX20\\d{2}","^GTX16\\d{2}","^T\\d","^QUADRORTX[34568]000","^QUADROT\\d","^TESTAT\\d","^GRIDRTXT10","^MX[45]50","^CMP[345]0","^TU"]},"Volta":{"Compute":["7.0"],"Model":["^TitanV","^GV100","GV100"]},"Pascal":{"Compute":["6.0","6.1"],"Model":["^GTX10\\d{2}","TITANX","^GP","^GT10[13]0","^QUADROP\\d","^QUADROGP\\d","^TESLAP\\d","^MX[123]50","^MX[23]30","^JETSONTX2","^P"]}}
