[{"Name":"Zpool","Algorithm":"Argon2d1000","CoinSymbol":"0DYNC","Price":2.20531E-11,"StablePrice":2.20531E-11,"PenaltyFactor":0.83,"ErrorRatio":1},{"Name":"Zpool","Algorithm":"Argon2d16000","CoinSymbol":"ADOT","Price":0,"StablePrice":0,"PenaltyFactor":0,"ErrorRatio":0.859765931732398},{"Name":"Zpool","Algorithm":"Balloon","CoinSymbol":"MTBC","Price":0,"StablePrice":0,"PenaltyFactor":0,"ErrorRatio":0.704399688503872},{"Name":"Zpool","Algorithm":"BMW512","CoinSymbol":null,"Price":0,"StablePrice":0,"PenaltyFactor":0,"ErrorRatio":0.87147908661476048},{"Name":"Zpool","Algorithm":"CurveHash","CoinSymbol":"PLSR","Price":2.0741474476776419E-13,"StablePrice":2.859255681798186E-13,"PenaltyFactor":0.77370931914567653,"ErrorRatio":0.93217990258515249},{"Name":"Zpool","Algorithm":"Equihash","CoinSymbol":null,"Price":1.0932403174535885E-10,"StablePrice":1.4500430430069457E-10,"PenaltyFactor":0.83,"ErrorRatio":1},{"Name":"Zpool","Algorithm":"Equihash24x5","CoinSymbol":null,"Price":2.1726236000184869E-08,"StablePrice":4.9813015769495927E-08,"PenaltyFactor":0.76341306004124387,"ErrorRatio":0.91977477113402883},{"Name":"Zpool","Algorithm":"Equihash24x7","CoinSymbol":null,"Price":5.2364117268619829E-08,"StablePrice":9.9124098369455052E-08,"PenaltyFactor":0.79704123130190319,"ErrorRatio":0.960290640122775},{"Name":"Zpool","Algorithm":"EvrProgPow","CoinSymbol":"EVR","Price":2.877310276018945E-14,"StablePrice":2.877310276018945E-14,"PenaltyFactor":0.67054539175458994,"ErrorRatio":1},{"Name":"Zpool","Algorithm":"FiroPoW","CoinSymbol":null,"Price":8.7300604045860987E-14,"StablePrice":1.8196768096961814E-13,"PenaltyFactor":0.71126611300004061,"ErrorRatio":0.85694712409643448},{"Name":"Zpool","Algorithm":"Flex","CoinSymbol":null,"Price":0,"StablePrice":0,"PenaltyFactor":0,"ErrorRatio":0.96819361391111536},{"Name":"Zpool","Algorithm":"Take2","CoinSymbol":null,"Price":2.4554187213375248E-10,"StablePrice":1.4340282157128838E-09,"PenaltyFactor":0.85161796194012063,"ErrorRatio":1.0260457372772538},{"Name":"Zpool","Algorithm":"Groestl","CoinSymbol":"GRS","Price":0,"StablePrice":0,"PenaltyFactor":0,"ErrorRatio":0.94973173189769644},{"Name":"Zpool","Algorithm":"KawPOW","CoinSymbol":null,"Price":6.0325103182780433E-14,"StablePrice":1.4267551803123749E-13,"PenaltyFactor":0.80579094133729656,"ErrorRatio":0.970832459442526},{"Name":"Zpool","Algorithm":"MegaBTX","CoinSymbol":"BTX","Price":2.3777509823736088E-13,"StablePrice":3.7782585627338769E-13,"PenaltyFactor":0.83016260924337137,"ErrorRatio":1.00019591475105},{"Name":"Zpool","Algorithm":"MegaMEC","CoinSymbol":"MEC","Price":0,"StablePrice":0,"PenaltyFactor":0,"ErrorRatio":1.0081287065817395},{"Name":"Zpool","Algorithm":"MeowPow","CoinSymbol":"MEWC","Price":5.2861803746448723E-15,"StablePrice":2.2228706417174581E-14,"PenaltyFactor":0.073084382241254117,"ErrorRatio":0.99003053494984272},{"Name":"Zpool","Algorithm":"Mike","CoinSymbol":null,"Price":0,"StablePrice":0,"PenaltyFactor":0,"ErrorRatio":0.97219417844005862},{"Name":"Zpool","Algorithm":"MinotaurX","CoinSymbol":null,"Price":8.6193850472299619E-11,"StablePrice":1.5989341796504888E-10,"PenaltyFactor":0.734469629242439,"ErrorRatio":0.88490316776197464},{"Name":"Zpool","Algorithm":"NeoScrypt","CoinSymbol":null,"Price":1.8254529189166083E-13,"StablePrice":1.7710975742286886E-12,"PenaltyFactor":0.78957539044081615,"ErrorRatio":0.95129565113351344},{"Name":"Zpool","Algorithm":"NeoScryptXaya","CoinSymbol":null,"Price":6.419028858136272E-13,"StablePrice":3.194089747103056E-12,"PenaltyFactor":0.80244702535824719,"ErrorRatio":0.96680364500993643},{"Name":"Zpool","Algorithm":"Yespower2b","CoinSymbol":"MBC","Price":0,"StablePrice":0,"PenaltyFactor":0,"ErrorRatio":0.92820802076967879},{"Name":"Zpool","Algorithm":"Qubit","CoinSymbol":null,"Price":0,"StablePrice":0,"PenaltyFactor":0,"ErrorRatio":0.90554180136256657},{"Name":"Zpool","Algorithm":"Rinhash","CoinSymbol":"RIN","Price":3.0006823999999991E-12,"StablePrice":3.0006823999999991E-12,"PenaltyFactor":0.83,"ErrorRatio":1},{"Name":"Zpool","Algorithm":"SCCPow","CoinSymbol":"SCC","Price":1.0066672098370211E-13,"StablePrice":1.5964302914765105E-13,"PenaltyFactor":0.82008377740659077,"ErrorRatio":0.98805274386336239},{"Name":"Zpool","Algorithm":"Scrypt","CoinSymbol":null,"Price":7.2083489158737059E-15,"StablePrice":3.90814307583632E-14,"PenaltyFactor":0.62300150823371259,"ErrorRatio":0.750152327794958},{"Name":"Zpool","Algorithm":"ScryptN2","CoinSymbol":"XBTX","Price":2.8948639092276267E-10,"StablePrice":8.7738330717612464E-12,"PenaltyFactor":0.67139284263008614,"ErrorRatio":0.98872032498914186},{"Name":"Zpool","Algorithm":"SHA256d","CoinSymbol":null,"Price":3.7013636431222541E-19,"StablePrice":4.3336374803280813E-19,"PenaltyFactor":0.76896686272191506,"ErrorRatio":0.926466099664958},{"Name":"Zpool","Algorithm":"SHA512256d","CoinSymbol":"RXD","Price":0,"StablePrice":0,"PenaltyFactor":0,"ErrorRatio":0.89698610394743827},{"Name":"Zpool","Algorithm":"Skein","CoinSymbol":null,"Price":0,"StablePrice":0,"PenaltyFactor":0,"ErrorRatio":1.0001981912231035},{"Name":"Zpool","Algorithm":"SkyDoge","CoinSymbol":"SKYDOGE","Price":8.4634241488616975E-14,"StablePrice":1.9166247394134344E-13,"PenaltyFactor":0.741863192042965,"ErrorRatio":0.90569503951064878},{"Name":"Zpool","Algorithm":"VertHash","CoinSymbol":"VTC","Price":1.1412452797610318E-12,"StablePrice":2.8712347090210904E-12,"PenaltyFactor":0.80319783905870412,"ErrorRatio":1.0556975225964629},{"Name":"Zpool","Algorithm":"VerusHash","CoinSymbol":"VRSC","Price":0,"StablePrice":0,"PenaltyFactor":0,"ErrorRatio":1},{"Name":"Zpool","Algorithm":"Whirlpool","CoinSymbol":"MTBC","Price":3.136753122814289E-14,"StablePrice":1.5654432984770753E-13,"PenaltyFactor":0.75061238914771533,"ErrorRatio":0.90435227608158475},{"Name":"Zpool","Algorithm":"X11","CoinSymbol":null,"Price":0,"StablePrice":0,"PenaltyFactor":0,"ErrorRatio":0.96646680554106656},{"Name":"Zpool","Algorithm":"X13","CoinSymbol":"ONION","Price":0,"StablePrice":0,"PenaltyFactor":0,"ErrorRatio":0.89779697926051394},{"Name":"Zpool","Algorithm":"X16rt","CoinSymbol":"AVN","Price":1.1356681810810754E-14,"StablePrice":5.4574649827321759E-14,"PenaltyFactor":0.82355481571494449,"ErrorRatio":0.99223471772884886},{"Name":"Zpool","Algorithm":"X16rv2","CoinSymbol":null,"Price":1.7300710332107642E-15,"StablePrice":1.6958144466155164E-14,"PenaltyFactor":0.80315729438727734,"ErrorRatio":0.96765939082804509},{"Name":"Zpool","Algorithm":"XelisV2Pepew","CoinSymbol":"PEPEW","Price":1.2468700154375737E-10,"StablePrice":2.6924846606572525E-10,"PenaltyFactor":0.786482262302407,"ErrorRatio":0.94756899072579159},{"Name":"Zpool","Algorithm":"Yescrypt","CoinSymbol":null,"Price":0,"StablePrice":0,"PenaltyFactor":0,"ErrorRatio":0.99556376347899289},{"Name":"Zpool","Algorithm":"YescryptR16","CoinSymbol":null,"Price":3.0416284854443539E-10,"StablePrice":7.6778675284135071E-10,"PenaltyFactor":0.7982338434617543,"ErrorRatio":0.96172752224307756},{"Name":"Zpool","Algorithm":"YescryptR32","CoinSymbol":"DMS","Price":0,"StablePrice":0,"PenaltyFactor":0,"ErrorRatio":0.98397612471556517},{"Name":"Zpool","Algorithm":"YescryptR8","CoinSymbol":"MTBC","Price":2.990954378329738E-11,"StablePrice":8.180963372535E-11,"PenaltyFactor":0.80316079792032047,"ErrorRatio":0.96766361195219341},{"Name":"Zpool","Algorithm":"YespowerADVC","CoinSymbol":"ADVC","Price":0,"StablePrice":0,"PenaltyFactor":0,"ErrorRatio":0.99182748422793576},{"Name":"Zpool","Algorithm":"YespowerEQPAY","CoinSymbol":"EQPAY","Price":6.6400000000000009E-10,"StablePrice":6.6400000000000009E-10,"PenaltyFactor":0.83,"ErrorRatio":1},{"Name":"Zpool","Algorithm":"YespowerR16","CoinSymbol":"YTN","Price":0,"StablePrice":0,"PenaltyFactor":0,"ErrorRatio":0.97286501442848272},{"Name":"Zpool","Algorithm":"YespowerSUGAR","CoinSymbol":"SUGAR","Price":5.50714560872295E-10,"StablePrice":8.4677842289295039E-10,"PenaltyFactor":0.73632556350089906,"ErrorRatio":0.88713923313361343},{"Name":"Zpool","Algorithm":"YespowerTIDE","CoinSymbol":"TDC","Price":0,"StablePrice":0,"PenaltyFactor":0,"ErrorRatio":0.954023575640294},{"Name":"Zpool","Algorithm":"YespowerURX","CoinSymbol":"URX","Price":2.2748682570140979E-10,"StablePrice":1.6223644538996904E-09,"PenaltyFactor":0.87946749535081425,"ErrorRatio":1.0595993919889328}]