{
    "america": "US",
    "ap":  "SoutheastAsia",
    "arg":  "SouthAmerica",
    "as":  "Asia",
    "asia":  "Asia",
    "asiawest":  "WesternAsia",
    "ascentral": "CentralAsia",
    "aspac":  "SoutheastAsia",
    "aswest":  "WesternAsia",
    "au":  "Australia",
    "southafrica": "SouthAfrica",
    "br":  "Brazil",
    "ca":  "Canada",
    "ceu":  "CentralEurope",
    "cn":  "Asia",
    "de":  "Germany",
    "du":  "MiddleEast",
    "es":  "Spain",
    "eu":  "CentralEurope",
    "eucentral":  "CentralEurope",
    "eude":  "Germany",
    "eueast": "EasternEurope",
    "eues":  "Spain",
    "eufi":  "NorthernEurope",
    "eufr":  "France",
    "eunl" :  "Netherlands",
    "eunorth":  "NorthernEurope",
    "eupl": "Poland",
    "europe":  "CentralEurope",
    "euwest":  "CentralEurope",
    "fi":  "NorthernEurope",
    "fr":  "France",
    "germany":  "Germany",
    "hk":  "HongKong",
    "in":  "India",
    "jp":  "Japan",
    "kz": "Kazakhstan",
    "kazakhstan":  "Kazakhstan",
    "kr":  "Korea",
    "latam":  "SouthAmerica",
    "me":  "MiddleEast",
    "moscow":  "Russia",
    "mx": "Mexico",
    "na":  "US",
    "naw": "USWest",
    "neu":  "NorthernEurope",
    "nether": "Netherlands",
    "nl" :  "Netherlands",
    "pl": "Poland",
    "ro": "Romania",
    "ru":  "Russia",
    "sa":  "SouthAmerica",
    "sea":  "SoutheastAsia",
    "se":  "NorthernEurope",
    "singapore":  "SoutheastAsia",
    "sg":  "SoutheastAsia",
    "sz":  "HongKong",
    "texas": "Texas",
    "th": "Thailand",
    "tr":  "Tuerkiye",
    "tw":  "Taiwan",
    "tx":  "Texas",
    "ua": "Ukraine",
    "uae":  "MiddleEast",
    "uk":  "UK",
    "us":  "US",
    "usacentral": "USCentral",
    "usaeast": "USEast",
    "usanw": "USNorthWest",
    "usasouth": "USSouth",
    "usawest": "USWest",
    "uscentral": "USCentral",
    "useast": "USEast",
    "usnw": "USNorthWest",
    "ussouth": "USSouth",
    "ustx": "Texas",
    "usw": "USWest",
    "uswest": "USWest",
    "wa":  "WesternAsia",
    "za": "SouthAfrica"
}
