{
	"Asia": ["WesternAsia", "CentralAsia", "SouthAsia", "SoutheastAsia", "HongKong", "India", "Taiwan", "Japan"],
    "Australia": ["SoutheastAsia", "US", "HongKong", "Japan", "India", "Thailand"],
    "Brazil": ["Mexico","SouthAmerica","USSouth", "US", "Texas", "USEast", "USCentral", "USWest", "Canada", "USNorthWest"],
	"Canada": ["US", "USEast", "USCentral", "USNorthWest", "USWest"],
	"CentralEurope": ["Germany", "Netherlands", "France", "Spain", "UK", "NorthernEurope", "US", "USEast", "Canada", "WesternAsia", "CentralAsia", "SoutheastAsia", "USCentral", "USNorthWest", "USWest"],
    "EasternEurope": ["CentralEurope","Germany", "Netherlands", "France", "UK", "NorthernEurope", "US", "USEast", "Canada", "WesternAsia", "CentralAsia", "SoutheastAsia", "USCentral", "USNorthWest", "USWest"],
    "Spain": ["CentralEurope","France", "Netherlands", "Germany", "UK", "NorthernEurope", "US", "USEast", "Canada", "WesternAsia", "CentralAsia", "SoutheastAsia", "USCentral", "USNorthWest", "USWest"], 
    "France": ["CentralEurope", "Germany", "Netherlands", "Spain", "UK", "NorthernEurope", "US", "USEast", "Canada", "WesternAsia", "CentralAsia", "SoutheastAsia", "USCentral", "USNorthWest", "USWest"],
    "Germany": ["CentralEurope", "France", "Netherlands", "UK", "Spain", "NorthernEurope", "US", "USEast", "Canada", "WesternAsia", "CentralAsia", "SoutheastAsia", "USCentral", "USNorthWest", "USWest"],
    "HongKong": ["SoutheastAsia", "CentralAsia", "Asia", "Thailand", "India", "Japan"],
    "India": ["SoutheastAsia", "Thailand", "HongKong", "Japan",  "CentralAsia", "Asia"],
	"Japan": ["Korea", "Taiwan", "HongKong", "Asia", "SoutheastAsia", "CentralAsia", "India"],
    "Kazakhstan": ["CentralAsia", "MiddleEast", "SoutheastAsia", "India", "Asia"],
    "Korea": ["Japan", "Taiwan", "HongKong", "Asia", "SoutheastAsia", "CentralAsia", "India"],
    "Mexico": ["Brazil","SouthAmerica","USSouth", "US", "Texas", "USEast", "USCentral", "USWest", "Canada", "USNorthWest"],
    "MiddleEast": ["CentralAsia", "SoutheastAsia", "India", "Asia"],
    "Netherlands": ["CentralEurope", "Germany", "France", "UK", "Spain", "NorthernEurope", "US", "USEast", "Canada", "WesternAsia", "CentralAsia", "SoutheastAsia", "USCentral", "USNorthWest", "USWest"],
    "NorthernEurope": ["UK", "CentralEurope", "Germany", "Netherlands", "France", "Spain", "US", "USEast", "Canada", "WesternAsia", "CentralAsia", "SoutheastAsia", "USCentral", "USNorthWest", "USWest"],
    "Poland": ["EasternEurope", "CentralEurope", "Romania", "Germany", "Netherlands", "France", "UK", "NorthernEurope", "US", "USEast", "Canada", "WesternAsia", "CentralAsia", "SoutheastAsia", "USCentral", "USNorthWest", "USWest"],
    "Romania": ["EasternEurope", "CentralEurope","Poland", "Germany", "Netherlands", "France", "UK", "NorthernEurope", "US", "USEast", "Canada", "WesternAsia", "CentralAsia", "SoutheastAsia", "USCentral", "USNorthWest", "USWest"],
	"Russia": ["WesternAsia", "CentralAsia", "Asia", "CentralEurope", "SoutheastAsia"],
	"SouthAmerica": ["USSouth", "US", "Texas", "USEast", "USCentral", "USWest", "Canada", "USNorthWest"],
	"SoutheastAsia": ["HongKong", "India", "Japan", "CentralAsia", "Asia"],
    "SouthAsia": ["India", "Thailand", "HongKong", "Japan", "CentralAsia", "Asia"],
    "Taiwan": ["HongKong", "SoutheastAsia", "Asia", "CentralAsia", "India"],
    "Texas": ["US", "USCentral", "USWest", "USEast", "USNorthWest", "Canada"],
    "Thailand": ["SoutheastAsia", "India", "HongKong", "Japan", "CentralAsia", "Asia"],
    "Tuerkiye": ["CentralEurope", "WesternAsia", "Russia", "WesternAsia", "CentralAsia", "Asia", "HongKong", "India"],
    "UK": ["CentralEurope", "Netherlands", "Germany", "NorthernEurope", "US", "USEast", "Canada", "SoutheastAsia", "USCentral", "USNorthWest", "USWest"],
    "Ukraine": ["EasternEurope", "CentralEurope","Poland", "Germany", "Netherlands", "France", "UK", "NorthernEurope", "US", "USEast", "Canada", "WesternAsia", "CentralAsia", "SoutheastAsia", "USCentral", "USNorthWest", "USWest"],
    "US": ["USCentral", "USWest", "USNorthWest", "Texas", "USEast", "Canada"],
    "USCentral": ["US", "USEast", "USWest", "Texas", "USNorthWest", "Canada"],
	"USEast": ["US", "Texas", "Canada", "USCentral", "USWest", "USNorthWest"],
    "USNorthWest": ["USWest", "US", "USCentral", "USEast", "Texas", "Canada"],
    "USSouth": ["US", "Texas", "USCentral", "USEast", "USWest", "SouthAmerica", "USNorthWest", "Canada"],
	"USWest": ["USNorthWest", "US", "USCentral", "Texas", "USEast", "Canada"],
    "WesternAsia": ["CentralAsia", "CentralEurope", "Russia", "Asia", "MiddleEast", "HongKong", "India"]
}