{
    "CpuLoad":  33.33,
    "Cpus":  [
                 {
                     "Clock":  0,
                     "Utilization":  33.33,
                     "PowerDraw":  14.9985,
                     "Temperature":  0,
                     "Method":  "tdp"
                 }
             ],
    "Gpus":  null,
    "Memory":  {
                   "TotalGB":  7.9,
                   "UsedGB":  6.8,
                   "UsedPercent":  86.07
               },
    "Disks":  [
                  {
                      "Drive":  "C:",
                      "Name":  "C",
                      "TotalGB":  398,
                      "FreeGB":  136.5,
                      "UsedGB":  261.5,
                      "UsedPercent":  65.7,
                      "IsCurrent":  false
                  },
                  {
                      "Drive":  "D:",
                      "Name":  "D",
                      "TotalGB":  367,
                      "FreeGB":  270.4,
                      "UsedGB":  96.6,
                      "UsedPercent":  26.32,
                      "IsCurrent":  true
                  },
                  {
                      "Drive":  "E:",
                      "Name":  "E",
                      "TotalGB":  165.9,
                      "FreeGB":  106.2,
                      "UsedGB":  59.8,
                      "UsedPercent":  36.02,
                      "IsCurrent":  false
                  },
                  {
                      "Drive":  "F:",
                      "Name":  "F",
                      "TotalGB":  0,
                      "FreeGB":  0,
                      "UsedGB":  0,
                      "UsedPercent":  0,
                      "IsCurrent":  false
                  }
              ]
}