{
    "CpuLoad":  38,
    "Cpus":  [
                 {
                     "Clock":  2808,
                     "Utilization":  38,
                     "PowerDraw":  17.1,
                     "Temperature":  0,
                     "Method":  "tdp"
                 }
             ],
    "Gpus":  null,
    "Memory":  {
                   "TotalGB":  7.9,
                   "UsedGB":  5.8,
                   "UsedPercent":  73.19
               },
    "Disks":  [
                  {
                      "Drive":  "C:",
                      "Name":  "C",
                      "TotalGB":  398,
                      "FreeGB":  131.5,
                      "UsedGB":  266.5,
                      "UsedPercent":  66.96,
                      "IsCurrent":  false
                  },
                  {
                      "Drive":  "D:",
                      "Name":  "D",
                      "TotalGB":  367,
                      "FreeGB":  269.5,
                      "UsedGB":  97.5,
                      "UsedPercent":  26.57,
                      "IsCurrent":  true
                  },
                  {
                      "Drive":  "E:",
                      "Name":  "E",
                      "TotalGB":  165.9,
                      "FreeGB":  106.2,
                      "UsedGB":  59.8,
                      "UsedPercent":  36.02,
                      "IsCurrent":  false
                  },
                  {
                      "Drive":  "F:",
                      "Name":  "F",
                      "TotalGB":  0,
                      "FreeGB":  0,
                      "UsedGB":  0,
                      "UsedPercent":  0,
                      "IsCurrent":  false
                  }
              ]
}