{
  "Algorithms": [
    "Blake3IronFish",
    "BlakeCoin",
    "BlakeVanilla",
    "Cuckatoo31",
    "Cryptolight",
    "Cryptonight",
    "CryptonightV7",
    "Decred",
    "Keccak",
    "KeccakC",
    "Lbry",
    "Lyra2RE",
    "Lyra2RE2",
    "Lyra2z",
    "MyriadGroestl",
    "Nist5",
    "Quark",
    "Qubit",
    "Scrypt",
    "SHA256",
    "SHA256d",
    "SHA256t",
    "Sib",
    "X11",
    "X13",
    "X14",
    "X15"
  ],
  "Coins": [
    "CURVE"
  ],
  "Pools": {
    "Hashcryptos": {
      "Algorithms": [
        "Neoscrypt"
      ]
    },
    "unMineable": {
      "Algorithms": [
        "HeavyHashPyrin"
      ]
    },
    "ZergPool": {
      "Coins": [
        "XVG"
      ]
    },
    "ZergPoolCoins": {
      "Algorithms": [],
      "Coins": [
        "BTG",
        "CURVE",
        "ESP",
        "ETH",
        "PPCN",
        "XMR",
        "XGCS",
        "XHV",
        "XVG"
      ]
    },
    "ZergPoolCoinsSolo": {
      "Algorithms": [],
      "Coins": [
        "BTG",
        "CURVE",
        "ESP",
        "ETH",
        "PPCN",
        "XMR",
        "XGCS",
        "XHV",
        "XVG"
      ]
    },
    "Zpool": {
      "Algorithms": [
        "Equihash",
        "Tribus"
      ]
    },
    "ZpoolCoins": {
      "Algorithms": [
        "Equihash",
        "Tribus"
      ]
    }
  }
}
