[
    {
        "symbol":  "AE",
        "match":  "^ak_",
        "rpc":  "http://www.aeknow.org/api/account/{w}",
        "address":  "id",
        "balance":  "balance",
        "received":  "",
        "divisor":  1E+18
    },
    {
        "symbol":  "AION",
        "match":  "^0x",
        "rpc":  "https://mainnet-api.theoan.com/aion/dashboard/getAccountDetails?accountAddress={w}",
        "address":  "",
        "balance":  "content[0].balance",
        "received":  "",
        "divisor":  1
    },
    {
        "symbol":  "ALPH",
        "match":  "^1",
        "rpc":  "https://mainnet-backend.alephium.org/addresses/{w}/balance",
        "address":  "",
        "balance":  "balance",
        "received":  "",
        "divisor":  1E+18
    },
    {
        "symbol":  "BCH",
        "match":  "^[1qb]",
        "rpc":  "https://api.blockchain.info/haskoin-store/bch/address/{w}/balance",
        "address":  "",
        "balance":  "confirmed",
        "received":  "",
        "divisor":  100000000
    },
    {
        "symbol":  "BTG",
        "match":  "^G",
        "rpc":  "https://btgexplorer.com/api/v2/address/{w}?details=basic",
        "address":  "address",
        "balance":  "balance",
        "received":  "totalReceived",
        "divisor":  100000000
    },
    {
        "symbol":  "BTX",
        "match":  "^[s2]",
        "rpc":  "https://chainz.cryptoid.info/btx/api.dws?q=getbalance\u0026a={w}",
        "address":  "",
        "balance":  "#",
        "received":  "",
        "divisor":  1
    },
    {
        "symbol":  "CRO",
        "match":  "^cro",
        "rpc":  "https://crypto.org/explorer/api/v1/accounts/{w}",
        "address":  "result.address",
        "balance":  "data.result.totalBalance[denom=basecro].amount",
        "received":  "",
        "divisor":  100000000
    },
    {
        "symbol":  "DASH",
        "match":  "^X",
        "rpc":  "https://api.blockcypher.com/v1/dash/main/addrs/{w}",
        "address":  "address",
        "balance":  "balance",
        "received":  "total_received",
        "divisor":  100000000
    },
    {
        "symbol":  "DGB",
        "match":  "^D",
        "rpc":  "https://digibyteblockexplorer.com/api/v2/address/{w}?details=basic",
        "address":  "address",
        "balance":  "balance",
        "received":  "totalReceived",
        "divisor":  100000000
    },
    {
        "symbol":  "DOGE",
        "match":  "^D",
        "rpc":  "https://api.blockcypher.com/v1/doge/main/addrs/{w}",
        "address":  "address",
        "balance":  "balance",
        "received":  "total_received",
        "divisor":  100000000
    },
    {
        "symbol":  "ETH",
        "match":  "^0x",
        "rpc":  "https://api.blockcypher.com/v1/eth/main/addrs/{w}",
        "address":  "address",
        "balance":  "balance",
        "received":  "total_received",
        "divisor":  1E+18
    },
    {
        "symbol":  "ERG",
        "match":  "^[984]",
        "rpc":  "https://api.ergoplatform.com/api/v1/addresses/{w}/balance/total",
        "address":  "",
        "balance":  "balance.confirmed.nanoErgs",
        "received":  "",
        "divisor":  1000000000
    },
    {
        "symbol":  "FIRO",
        "match":  "^[aZ]",
        "rpc":  "https://explorer.zcoin.io/insight-api-zcoin/addr/{w}/?noTxList=1",
        "address":  "addrStr",
        "balance":  "balance",
        "received":  "totalReceived",
        "divisor":  1
    },
    {
        "symbol":  "KAS",
        "match":  "^kaspa:",
        "rpc":  "https://api.kaspa.org/addresses/{w}/balance",
        "address":  "address",
        "balance":  "balance",
        "received":  "",
        "divisor":  100000000
    },
    {
        "symbol":  "KLS",
        "match":  "^karlsen:",
        "rpc":  "https://api.karlsencoin.com/addresses/{w}/balance",
        "address":  "address",
        "balance":  "balance",
        "received":  "",
        "divisor":  100000000
    },
    {
        "symbol":  "KMD",
        "match":  "^R",
        "rpc":  "https://komodoblockexplorer.com/api/v2/address/{w}?details=basic",
        "address":  "address",
        "balance":  "balance",
        "received":  "totalReceived",
        "divisor":  100000000
    },
    {
        "symbol":  "LCC",
        "match":  "^C|^MATH",
        "rpc":  "https://chainz.cryptoid.info/lcc/api.dws?q=addressinfo\u0026a={w}",
        "address":  "address",
        "balance":  "balance",
        "received":  "",
        "divisor":  1,
        "verify":  "status",
        "verify_value":  "success"
    },
    {
        "symbol":  "LTC",
        "match":  "^[LM3]",
        "rpc":  "https://api.blockcypher.com/v1/ltc/main/addrs/{w}",
        "address":  "address",
        "balance":  "balance",
        "received":  "total_received",
        "divisor":  100000000
    },
    {
        "symbol":  "QTUM",
        "match":  "^Q",
        "rpc":  "https://qtumblockexplorer.com/api/v2/address/{w}?details=basic",
        "address":  "address",
        "balance":  "balance",
        "received":  "totalReceived",
        "divisor":  100000000
    },
    {
        "symbol":  "RVN",
        "match":  "^R",
        "rpc":  "https://rvn.cryptoscope.io/api/getbalance/?address={w}",
        "address":  "address",
        "balance":  "balance",
        "received":  "",
        "divisor":  1
    },
    {
        "symbol":  "RXD",
        "match":  "^1",
        "rpc":  "https://radiantexplorer.com/ext/getbalance/{w}",
        "address":  "",
        "balance":  "#",
        "received":  "",
        "divisor":  1
    },
    {
        "symbol":  "SAFE",
        "match":  "^R",
        "rpc":  "https://explorer.safecoin.org/api/addr/{w}/?noTxList=1",
        "address":  "addrStr",
        "balance":  "balance",
        "received":  "totalReceived",
        "divisor":  1
    },
    {
        "symbol":  "TON",
        "match":  "^E[Qf]",
        "rpc":  "https://toncenter.com/api/v3/addressInformation?address={w}\u0026use_v2=false",
        "address":  "",
        "balance":  "result.balance",
        "received":  "",
        "divisor":  1000000000
    },
    {
        "symbol":  "VRSC",
        "match":  "^R",
        "rpc":  "https://explorer.verus.io/ext/getaddress/{w}",
        "address":  "address",
        "balance":  "balance",
        "received":  "received",
        "divisor":  1
    },
    {
        "symbol":  "VTC",
        "match":  "^V",
        "rpc":  "https://vtcblocks.com/api/v2/address/{w}?details=basic",
        "address":  "address",
        "balance":  "balance",
        "received":  "totalReceived",
        "divisor":  100000000
    },
    {
        "symbol":  "XLM",
        "match":  "^G",
        "rpc":  "https://horizon.stellar.org/accounts/{w}",
        "address":  "id",
        "balance":  "balances",
        "received":  "",
        "divisor":  1
    },
    {
        "symbol":  "XRP",
        "match":  "^r",
        "rpc":  "https://api.xrpscan.com/api/v1/account/{w}",
        "address":  "account",
        "balance":  "xrpBalance",
        "received":  "",
        "divisor":  1
    },
    {
        "symbol":  "XTZ",
        "match":  "^tz",
        "rpc":  "https://api.tzkt.io/v1/accounts/{w}",
        "address":  "address",
        "balance":  "balance",
        "received":  "",
        "divisor":  1000000
    },
    {
        "symbol":  "XVG",
        "match":  "^D",
        "rpc":  "https://verge-blockchain.info/api/balance/{w}",
        "address":  "",
        "balance":  "data.balance",
        "received":  "",
        "divisor":  1
    },
    {
        "symbol":  "YTN",
        "match":  "^Y",
        "rpc":  "http://ytn.ccore.online/ext/getaddress/{w}",
        "address":  "address",
        "balance":  "balance",
        "received":  "received",
        "divisor":  1
    },
    {
        "symbol":  "ZEC",
        "match":  "^t",
        "rpc":  "https://api.zcha.in/v2/mainnet/accounts/{w}",
        "address":  "address",
        "balance":  "balance",
        "received":  "totalRecv",
        "divisor":  1
    },
    {
        "symbol":  "ZIL",
        "match":  "^zil",
        "rpc":  "https://api.zilliqa.com/",
        "address":  "",
        "balance":  "result.balance",
        "received":  "",
        "divisor":  1000000000000,
        "payload":  "{\"id\":1,\"jsonrpc\":\"2.0\",\"method\":\"GetBalance\",\"params\":[\"{w}\"]}"
    }
]
