﻿{
    "Allium":  1000000,
    "Argon2ChukwaV2":  1000,
    "Argon2d500":  1000,
    "Argon2dNim":  1000,
    "AstroBWT":  1,
    "Autolykos2":  1000000,
    "Bcd":  1000000,
    "BeamHash3":  1,
    "Bitcore":  1000000,
    "Blake2b":  1000000000,
    "Blake2bSHA3":  1000000,
    "Blake2s":  1000000000,
    "CryptoNight":  1000,
    "CryptoNightFast":  1,
    "CryptoNightFast2":  1,
    "CryptoNightGPU":  1,
    "CryptoNightHeavy":  1,
    "CryptoNightHeavyTube":  1,
    "CryptoNightHeavyXhv":  1,
    "CryptoNightLiteUpx2":  1000,
    "CryptoNightLiteV7":  1,
    "CryptoNightR":  1,
    "CryptoNightReverseWaltz":  1,
    "Cryptonightstc":  1,
    "CryptoNightTurtle":  1,
    "CryptoNightV7":  1,
    "CryptoNightV8":  1,
    "Cuckaroo29":  1,
    "Cuckaroo29s":  1,
    "Cuckaroo30":  1,
    "Cuckaroo31":  1,
    "Cuckarood29":  1,
    "Cuckarooz29":  1,
    "Cuckatoo31":  1,
    "Cuckatoo32":  1,
    "CuckooCycle":  1,
    "Decred":  1000000000,
    "Eaglesong":  1000000000,
    "Energi":  1000000,
    "Equihash":  1,
    "Equihash16x5":  1000,
    "Equihash21x9":  1,
    "Equihash24x5":  1,
    "Equihash24x7":  1,
    "EquihashR25x4":  1,
    "EquihashR25x5":  1,
    "EtcHash":  1000000,
    "Ethash":  1000000,
    "Ethash4g":  1000000,
    "EthashLowMemory":  1000000,
    "FiroPoW":  1000000,
    "Groestl":  1000000,
    "Hex":  1000000,
    "Kangaroo12":  1000000000,
    "KawPOW":  1000000,
    "Keccak":  1000000,
    "KeccakC":  1000000,
    "LBK3":  1000,
    "Lbry":  1000000000,
    "Lyra2RE2":  1000,
    "Lyra2RE3":  1000000,
    "Lyra2z":  1000000,
    "M7":  1000000,
    "m7m":  1000,
    "MegaBTX":  1000000,
    "MTP":  1000000,
    "MTPTcr":  1000000,
    "Myrgroestl":  1000000000,
    "NeoScrypt":  1000,
    "NexusHash":  1000000000,
    "Octopus":  1000000,
    "Odocrypt":  1000000000,
    "PHI":  1000000,
    "PHI2":  1000000,
    "ProgPoW":  1000000,
    "ProgPoWZ":  1000000,
    "Qubit":  1000000,
    "Randomhash":  1000,
    "RandomX":  1,
    "Randomxg":  1,
    "RX2":  1000,
    "Scrypt":  1000000,
    "SHA224":  1000000000,
    "SHA256":  1000000000,
    "Sha3solidity":  1000000000,
    "Sib":  1000000000,
    "Skein":  1000000000,
    "Skunk":  1000000,
    "SonoA":  1000,
    "Take2":  1000,
    "Tensority":  1000,
    "Tribus":  1000000000,
    "UbqHash":  1000000,
    "VertHash":  1000000,
    "VerusHash":  1000000,
    "X11":  1000000,
    "X13":  1000000,
    "X16r":  1000000,
    "X16rt":  1000000,
    "X16s":  1000000,
    "X17":  1000,
    "X21s":  1000000,
    "X22i":  1000000,
    "X25x":  1000000,
    "Xevan":  1000000,
    "Yescrypt":  1
}
